Tub,Species,Density,Phrag_Presence,Block,Date,Date_Cleaned,Height Native 1,Height Native 2,Height Native 3,Height Phrag 1,Height Phrag 2,Height Phrag 3,Cover Native,Cover Phrag,Total Cover (if u),Notes
BOMA HWO,BOMA,H,WO,1,4/25/22,4/25/22,NA,0.5,0.7,NA,NA,NA,1,NA,,BOMA 1 a weed
SYCI LWO,SYCI,L,WO,1,4/25/22,4/25/22,0.4,0.2,0.5,NA,NA,NA,10,NA,,
JUGE HW,JUGE,H,W,1,4/25/22,4/25/22,0.4,0.3,0.3,0.6,0.7,0.5,<1,1,,
SCAM HW,SCAM,H,W,1,4/25/22,4/25/22,NA,NA,NA,1,1.1,0.9,0,10,,No SCAM
DISP LW,DISP,L,W,1,4/25/22,4/25/22,NA,NA,NA,NA,NA,NA,,,20,could not tell apart
EUMA LWO,EUMA,L,WO,1,4/25/22,4/25/22,0.4,0.9,0.4,NA,NA,NA,10,NA,,
SCPU HW,SCPU,H,W,1,4/25/22,4/25/22,0.6,0.8,0.5,0.9,1.5,0.8,1,10,,
RUMA LW,RUMA,L,W,1,4/25/22,4/25/22,0.3,1.2,1.1,1.4,0.1,1,30,10,,
HENU HW,HENU,H,W,1,4/25/22,4/25/22,2.7,3.6,3.9,1.2,1.5,1.9,80,10,,
EUOC HW,EUOC,H,W,1,4/25/22,4/25/22,0.3,0.3,0.5,1,0.9,1.2,50,10,,
SOCA LW,SOCA,L,W,1,4/25/22,4/25/22,0.4,0.4,0.7,1,1.3,1.1,1,20,,
MUAS HWO,MUAS,H,WO,1,4/25/22,4/25/22,1.8,2.5,1.7,NA,NA,NA,50,NA,,
MUAS HW,MUAS,H,W,1,4/25/22,4/25/22,NA,NA,NA,NA,NA,NA,,,70,could not tell apart
SCAC LW,SCAC,L,W,1,4/25/22,4/25/22,1,0.7,1.2,2,0.9,1.1,1,10,,
HENU LWO,HENU,L,WO,1,4/25/22,4/25/22,1.6,0.7,2,NA,NA,NA,40,NA,,
SCPU LW,SCPU,L,W,1,4/25/22,4/25/22,1.6,0.7,0.6,1.6,2.1,1.9,1,10,,
JUTO HWO,JUTO,H,WO,1,4/25/22,4/25/22,NA,NA,NA,NA,NA,NA,0,NA,,No JUTO
PUNU LWO,PUNU,L,WO,1,4/25/22,4/25/22,1.8,0.6,1.8,NA,NA,NA,10,NA,,
JUAR LW,JUAR,L,W,1,4/25/22,4/25/22,0.9,0.6,0.6,2.2,1.5,1.9,1,10,,"clumpy, hard to measure"
BICE HWO,BICE,H,WO,1,4/25/22,4/25/22,2.7,4.4,6.3,NA,NA,NA,80,NA,,
JUGE LWO,JUGE,L,WO,1,4/25/22,4/25/22,NA,NA,NA,NA,NA,NA,0,NA,,No JUGE
DISP HWO,DISP,H,WO,1,4/25/22,4/25/22,2.1,1.8,1.3,NA,NA,NA,20,NA,,
JUTO LWO,JUTO,L,WO,1,4/25/22,4/25/22,NA,NA,NA,NA,NA,NA,0,NA,,No JUTO
EUOC LWO,EUOC,L,WO,1,4/25/22,4/25/22,0.2,0.4,0.2,NA,NA,NA,10,NA,,
SCAC HW,SCAC,H,W,1,4/25/22,4/25/22,0.5,0.4,0.3,0.9,1.5,1.4,1,1,,
PUNU LW,PUNU,L,W,1,4/25/22,4/25/22,1.2,1.1,1.1,1.2,1.5,1.6,10,10,,
RUMA LWO,RUMA,L,WO,1,4/25/22,4/25/22,0.7,0.9,0.8,NA,NA,NA,40,NA,,
EUMA LW,EUMA,L,W,1,4/25/22,4/25/22,0.6,0.7,0.6,1,1.3,1.2,10,1,,
SCAC HWO,SCAC,H,WO,1,4/25/22,4/25/22,1,0.2,0.4,NA,NA,NA,1,NA,,
PHAU,PHAU,NA,NA,1,4/25/22,4/25/22,NA,NA,NA,0.9,1.4,1.4,NA,10,,
BICE LWO,BICE,L,WO,1,4/25/22,4/25/22,2,1,1.1,NA,NA,NA,20,NA,,
BOMA LWO,BOMA,L,WO,1,4/25/22,4/25/22,1,0.9,NA,NA,NA,NA,<1,NA,,only 2 plants
EPCI LWO,EPCI,L,WO,1,4/25/22,4/25/22,1,0.6,0.8,NA,NA,NA,30,NA,,
HENU LW,HENU,L,W,1,4/25/22,4/25/22,0.8,2.2,1.1,0.9,1,0.7,50,10,,
SCPU LWO,SCPU,L,WO,1,4/25/22,4/25/22,0.7,0.5,0.6,NA,NA,NA,<1,NA,,
EUOC HWO,EUOC,H,WO,1,4/25/22,4/25/22,0.6,0.4,0.3,NA,NA,NA,50,NA,,
SCAC LWO,SCAC,L,WO,1,4/25/22,4/25/22,1,0.5,0.3,NA,NA,NA,1,NA,,
JUAR LWO,JUAR,L,WO,1,4/25/22,4/25/22,NA,0.6,0.8,NA,NA,NA,1,NA,,contamination from a grass; JUAR 1 a weed
HENU HWO,HENU,H,WO,1,4/25/22,4/25/22,1.2,2.1,0.8,NA,NA,NA,70,NA,,
RUMA HW,RUMA,H,W,1,4/25/22,4/25/22,0.6,0.6,0.2,1.8,2.1,1.2,80,1,,
EPCI HWO,EPCI,H,WO,1,4/25/22,4/25/22,1.5,0.3,0.5,NA,NA,NA,50,NA,,
BICE LW,BICE,L,W,1,4/25/22,4/25/22,5,5.6,2.3,0.7,1.9,1.1,80,10,,
JUGE HWO,JUGE,H,WO,1,4/25/22,4/25/22,0.6,0.5,0.4,NA,NA,NA,1,NA,,
EPCI HW,EPCI,H,W,1,4/25/22,4/25/22,0.5,0.7,0.4,0.9,0.5,0.6,50,10,,
JUTO LW,JUTO,L,W,1,4/25/22,4/25/22,NA,NA,NA,1.1,1.1,1.8,0,10,,no JUTO
EUMA HWO,EUMA,H,WO,1,4/25/22,4/25/22,0.4,0.7,0.6,NA,NA,NA,10,NA,,
SOCA LWO,SOCA,L,WO,1,4/25/22,4/25/22,0.6,0.5,0.5,NA,NA,NA,1,NA,,
SYCI HWO,SYCI,H,WO,1,4/25/22,4/25/22,0.4,1,0.6,NA,NA,NA,40,NA,,
JUGE LW,JUGE,L,W,1,4/25/22,4/25/22,NA,NA,NA,1.9,1.4,1,0,10,,no JUGE
EPCI LW,EPCI,L,W,1,4/25/22,4/25/22,0.5,1.2,0.9,1.4,1.2,1.5,10,10,,
PUNU HWO,PUNU,H,WO,1,4/25/22,4/25/22,2,2.1,1.2,NA,NA,NA,10,NA,,
SCAM LW,SCAM,L,W,1,4/25/22,4/25/22,NA,NA,NA,3.6,1.6,1.8,0,10,,no SCAM
SYCI HW,SYCI,H,W,1,4/25/22,4/25/22,NA,NA,NA,1.2,1.5,1.4,0,10,,no SYCI
JUTO HW,JUTO,H,W,1,4/25/22,4/25/22,NA,NA,NA,1.1,0.9,1,0,10,,no JUTO
EUMA HW,EUMA,H,W,1,4/25/22,4/25/22,0.5,0.8,0.3,1.9,1,1.2,20,1,,
SOCA HWO,SOCA,H,WO,1,4/25/22,4/25/22,0.6,0.2,0.6,NA,NA,NA,10,NA,,
RUMA HWO,RUMA,H,WO,1,4/25/22,4/25/22,0.9,0.8,0.7,NA,NA,NA,70,NA,,
PUNU HW,PUNU,H,W,1,4/25/22,4/25/22,1.4,0.9,0.9,1.4,0.9,0.5,10,10,,
MUAS LWO,MUAS,L,WO,1,4/25/22,4/25/22,1.5,2.3,0.9,NA,NA,NA,10,NA,,
BOMA HW,BOMA,H,W,1,4/25/22,4/25/22,NA,NA,NA,1.6,1,1.2,0,10,,no BOMA
JUAR HW,JUAR,H,W,1,4/25/22,4/25/22,0.8,1.2,0.7,1,1.4,1.5,1,10,,
DISP HW,DISP,H,W,1,4/25/22,4/25/22,NA,NA,NA,NA,NA,NA,,,40,could not tell apart
SOCA HW,SOCA,H,W,1,4/25/22,4/25/22,0.4,0.7,0.5,1.9,1.4,2.1,10,10,,
DISP LWO,DISP,L,WO,1,4/25/22,4/25/22,0.4,0.3,0.1,NA,NA,NA,1,NA,,
BOMA LW,BOMA,L,W,1,4/25/22,4/25/22,NA,NA,NA,1,1.3,1.8,0,10,,No BOMA
SCPU HWO,SCPU,H,WO,1,4/25/22,4/25/22,0.5,0.4,0.4,NA,NA,NA,1,NA,,
BICE HW,BICE,H,W,1,4/25/22,4/25/22,3.4,0.9,3.1,1.9,0.8,0.7,10,1,,
SYCI LW,SYCI,L,W,1,4/25/22,4/25/22,0.8,0.6,0.7,0.9,1,0.9,10,1,,
SCAM HWO,SCAM,H,WO,1,4/25/22,4/25/22,NA,NA,NA,NA,NA,NA,0,NA,,No SCAM
EUOC LW,EUOC,L,W,1,4/25/22,4/25/22,0.4,0.2,0.5,0.3,0.2,1.1,10,10,,
MUAS LW,MUAS,L,W,1,4/25/22,4/25/22,NA,NA,NA,NA,NA,NA,,,10,could not tell apart
JUAR HWO,JUAR,H,WO,1,4/25/22,4/25/22,0.5,0.5,0.3,NA,NA,NA,1,NA,,Grass weed present
SCAM LWO,SCAM,L,WO,1,4/25/22,4/25/22,NA,NA,NA,NA,NA,NA,0,NA,,No SCAM
JUAR HWO,JUAR,H,WO,2,4/25/22,4/25/22,0.8,1,0.6,NA,NA,NA,1,NA,,Grass weed present
HENU LW,HENU,L,W,2,4/25/22,4/25/22,1.6,1.3,1.8,1.1,0.9,1.4,20,10,,
SOCA HW,SOCA,H,W,2,4/25/22,4/25/22,0.4,0.3,0.3,0.8,0.6,1.3,1,1,,
BOMA HWO,BOMA,H,WO,2,4/25/22,4/25/22,NA,NA,NA,NA,NA,NA,0,NA,,No BOMA
RUMA LW,RUMA,L,W,2,4/25/22,4/25/22,0.8,1,0.6,0.7,0.4,1,10,1,,
BICE LWO,BICE,L,WO,2,4/25/22,4/25/22,2.6,2.7,1.6,NA,NA,NA,10,NA,,
PUNU HWO,PUNU,H,WO,2,4/25/22,4/25/22,1.7,1.2,1.6,NA,NA,NA,10,NA,,
SCPU HWO,SCPU,H,WO,2,4/25/22,4/25/22,0.8,0.2,0.3,NA,NA,NA,1,NA,,
EUOC HWO,EUOC,H,WO,2,4/25/22,4/25/22,0.3,0.2,0.4,NA,NA,NA,10,NA,,
JUGE LW,JUGE,L,W,2,4/25/22,4/25/22,NA,NA,NA,0.2,0.2,0.5,0,1,,No JUGE
SCPU LW,SCPU,L,W,2,4/25/22,4/25/22,NA,NA,NA,NA,NA,NA,,,1,could not tell apart
SCAC HW,SCAC,H,W,2,4/25/22,4/25/22,NA,NA,NA,NA,NA,NA,,,1,could not tell apart
BICE HWO,BICE,H,W,2,4/25/22,4/25/22,0.5,1.6,2.1,1.1,0.4,0.5,20,1,,Phrag in plot
EPCI LW,EPCI,L,W,2,4/25/22,4/25/22,0.6,0.4,0.4,0.4,0.6,0.9,10,1,,
EPCI HWO,EPCI,H,WO,2,4/25/22,4/25/22,0.6,0.5,0.6,NA,NA,NA,20,NA,,
EUOC LW,EUOC,L,W,2,4/25/22,4/25/22,0.4,0.3,0.4,0.4,1.2,1,1,1,,
SCAC LWO,SCAC,L,WO,2,4/25/22,4/25/22,0.6,0.3,0.3,NA,NA,NA,1,NA,,
SYCI LW,SYCI,L,W,2,4/25/22,4/25/22,0.6,0.8,0.6,1.3,0.7,1.2,10,1,,
HENU HW,HENU,H,W,2,4/25/22,4/25/22,1.1,2.3,1.3,0.9,0.4,1.2,80,1,,
SCPU LWO,SCPU,L,WO,2,4/25/22,4/25/22,0.6,0.7,0.6,NA,NA,NA,1,NA,,
JUTO LWO,JUTO,L,WO,2,4/25/22,4/25/22,NA,NA,NA,NA,NA,NA,0,NA,,No JUTO
MUAS LW,MUAS,L,W,2,4/25/22,4/25/22,NA,NA,NA,NA,NA,NA,,,10,could not tell apart
SCAM HW,SCAM,H,WO,2,4/25/22,4/25/22,0.4,0.4,NA,NA,NA,NA,<1,,,"No PHAU, only 2 plants"
BOMA LW,BOMA,L,W,2,4/25/22,4/25/22,NA,NA,NA,1,1.7,0.9,0,10,,No BOMA
JUGE HWO,JUGE,H,WO,2,4/25/22,4/25/22,0.1,0.3,0.4,NA,NA,NA,1,NA,,
HENU HWO,HENU,H,WO,2,4/25/22,4/25/22,2.2,4,2.3,NA,NA,NA,50,NA,,
JUAR LWO,JUAR,L,WO,2,4/25/22,4/25/22,0.6,0.4,0.6,NA,NA,NA,1,NA,,
SYCI HW,SYCI,H,W,2,4/25/22,4/25/22,1.1,1.2,0.9,1.1,1.4,0.8,30,10,,
PHAU,PHAU,NA,NA,2,4/25/22,4/25/22,NA,NA,NA,1.1,1.4,1,NA,10,,
EPCI LWO,EPCI,L,WO,2,4/25/22,4/25/22,1.4,1.3,1.6,NA,NA,NA,20,NA,,
BICE HW,BICE,H,W,2,4/25/22,4/25/22,4.2,1.9,3.5,1.1,1.1,1.4,30,10,,
HENU LWO,HENU,L,WO,2,4/25/22,4/25/22,2.1,1.5,1.3,NA,NA,NA,10,NA,,
DISP HWO,DISP,H,WO,2,4/25/22,4/25/22,0.8,1.4,1.3,NA,NA,NA,10,NA,,
PUNU LWO,PUNU,L,WO,2,4/25/22,4/25/22,1,1.4,1.1,NA,NA,NA,10,NA,,
BOMA HW,BOMA,H,W,2,4/25/22,4/25/22,NA,NA,NA,1.4,0.9,1.4,0,10,,No BOMA
SYCI LWO,SYCI,L,WO,2,4/25/22,4/25/22,0.8,0.4,0.6,NA,NA,NA,10,NA,,
BOMA LWO,BOMA,L,WO,2,4/25/22,4/25/22,0.8,NA,NA,NA,NA,NA,<1,NA,,only 1 plant
RUMA HW,RUMA,H,W,2,4/25/22,4/25/22,0.7,0.4,0.8,1.9,0.8,1.1,70,1,,
SOCA HWO,SOCA,H,WO,2,4/25/22,4/25/22,0.4,0.5,0.5,NA,NA,NA,10,NA,,
SCAM HWO,SCAM,H,WO,2,4/25/22,4/25/22,0.5,0.4,0.6,NA,NA,NA,1,NA,,
SCAC HWO,SCAC,H,WO,2,4/25/22,4/25/22,0.6,0.9,0.3,NA,NA,NA,1,NA,,
MUAS HWO,MUAS,H,WO,2,4/25/22,4/25/22,2.9,2.5,1.9,NA,NA,NA,20,NA,,
SOCA LW,SOCA,L,W,2,4/25/22,4/25/22,0.9,0.4,0.5,1.3,1.4,1.2,1,10,,
EPCI HW,EPCI,H,W,2,4/25/22,4/25/22,2.5,1.8,2.4,1.2,2.4,0.8,80,10,,
JUTO HWO,JUTO,H,WO,2,4/25/22,4/25/22,0.4,0.5,0.2,NA,NA,NA,1,NA,,
BICE LW,BICE,L,W,2,4/25/22,4/25/22,2.4,2.3,5.1,1.5,1.3,1.9,40,10,,
JUTO LW,JUTO,L,W,2,4/25/22,4/25/22,NA,NA,NA,1.4,0.9,1.4,0,10,,No JUTO
SYCI HWO,SYCI,H,WO,2,4/25/22,4/25/22,0.5,0.9,0.4,NA,NA,NA,40,NA,,
EUMA LWO,EUMA,L,WO,2,4/25/22,4/25/22,0.8,0.7,0.6,NA,NA,NA,1,NA,,
JUGE HW,JUGE,H,W,2,4/25/22,4/25/22,0.5,0.4,0.6,1.5,1.3,1.3,1,1,,
RUMA LWO,RUMA,L,WO,2,4/25/22,4/25/22,0.5,0.3,0.6,NA,NA,NA,30,NA,,
SCAC LW,SCAC,L,W,2,4/25/22,4/25/22,0.4,0.6,0.6,2.5,1.4,1.6,1,10,,
SOCA LWO,SOCA,L,WO,2,4/25/22,4/25/22,0.6,0.3,0.2,NA,NA,NA,1,NA,,
DISP LW,DISP,L,W,2,4/25/22,4/25/22,NA,NA,NA,NA,NA,NA,,,20,cannot tell apart
SCAM LWO,SCAM,L,WO,2,4/25/22,4/25/22,NA,NA,NA,NA,NA,NA,0,NA,,no SCAM
EUMA LW,EUMA,L,W,2,4/25/22,4/25/22,0.9,0.8,0.8,0.7,2.3,1.1,10,10,,
JUAR LW,JUAR,L,W,2,4/25/22,4/25/22,0.2,0.4,0.4,1.4,1,1.1,1,1,,
EUMA HWO,EUMA,H,WO,2,4/25/22,4/25/22,0.5,0.4,NA,NA,NA,NA,20,NA,,EUMA 3 A WEED
DISP HW,DISP,H,W,2,4/25/22,4/25/22,NA,NA,NA,NA,NA,NA,,,20,could not tell apart
PUNU HW,PUNU,H,W,2,4/25/22,4/25/22,0.9,1.2,1.5,0.9,1.5,1.3,10,10,,
EUOC HW,EUOC,H,W,2,4/25/22,4/25/22,1.1,1,0.2,1.5,0.8,1,20,10,,
SCAM LW,SCAM,L,W,2,4/25/22,4/25/22,NA,NA,NA,1.4,1.2,1.5,0,10,,no SCAM
EUMA HW,EUMA,H,W,2,4/25/22,4/25/22,0.5,0.9,0.6,0.8,1.9,1.1,20,10,,
MUAS HW,MUAS,H,W,2,4/25/22,4/25/22,NA,NA,NA,NA,NA,NA,,,30,could not tell apart
SCPU HW,SCPU,H,W,2,4/25/22,4/25/22,0.6,0.7,0.6,1.1,1.8,1,1,10,,
JUAR HW,JUAR,H,W,2,4/25/22,4/25/22,0.5,0.4,0.5,0.9,1,3.4,1,10,,
DISP LWO,DISP,L,WO,2,4/25/22,4/25/22,1.8,0.9,1.9,NA,NA,NA,10,NA,,
EUOC LWO,EUOC,L,WO,2,4/25/22,4/25/22,0.7,0.5,0.4,NA,NA,NA,10,NA,,
RUMA HWO,RUMA,H,WO,2,4/25/22,4/25/22,0.4,0.6,1.3,NA,NA,NA,90,NA,,
MUAS LWO,MUAS,L,WO,2,4/25/22,4/25/22,1,2.2,1.5,NA,NA,NA,10,NA,,
JUTO HW,JUTO,H,W,2,4/25/22,4/25/22,NA,NA,NA,2.4,2.9,1,0,10,,no JUTO
JUGE LWO,JUGE,L,WO,2,4/25/22,4/25/22,NA,NA,NA,NA,NA,NA,0,NA,,no JUGE
PUNU LW,PUNU,L,W,2,4/25/22,4/25/22,1.1,1.5,1.5,1.4,1,1.9,1,10,,
JUTO HWO,JUTO,H,WO,3,4/26/22,4/25/22,NA,NA,NA,NA,NA,NA,0,NA,,no JUTO
SCAM HW,SCAM,H,W,3,4/26/22,4/25/22,NA,NA,NA,1.1,1.3,1.4,0,10,,no SCAM
EPCI HWO,EPCI,H,WO,3,4/26/22,4/25/22,0.8,0.9,0.8,NA,NA,NA,60,NA,,
JUGE HW,JUGE,H,W,3,4/26/22,4/25/22,0.4,0.4,0.6,1,1.2,1.1,1,10,,
BICE HWO,BICE,H,WO,3,4/26/22,4/25/22,5.6,3.9,1.9,NA,NA,NA,80,NA,,
HENU HW,HENU,H,W,3,4/26/22,4/25/22,2.2,2.4,2.2,0.9,1.2,1.9,50,10,,
BOMA LW,BOMA,L,W,3,4/26/22,4/25/22,NA,NA,NA,1.3,1.4,1.6,0,10,,no BOMA
SCAC LWO,SCAC,L,WO,3,4/26/22,4/25/22,0.9,1,0.4,NA,NA,NA,1,NA,,
HENU LW,HENU,L,W,3,4/26/22,4/25/22,1.1,2.4,2.4,1.6,1,1.5,20,1,,
JUTO HW,JUTO,H,W,3,4/26/22,4/25/22,NA,NA,NA,0.9,1,1.1,0,1,,no JUTO
JUTO LW,JUTO,L,W,3,4/26/22,4/25/22,NA,NA,NA,1.4,1.3,1.1,0,10,,no JUTO
JUGE LWO,JUGE,L,WO,3,4/26/22,4/25/22,0.5,0.2,0.2,NA,NA,NA,1,NA,,
SYCI LWO,SYCI,L,WO,3,4/26/22,4/25/22,0.4,0.5,0.5,NA,NA,NA,20,NA,,
EPCI HW,EPCI,H,W,3,4/26/22,4/25/22,1.5,0.9,0.8,1,0.8,1.3,70,1,,
JUAR LW,JUAR,L,W,3,4/26/22,4/25/22,0.4,0.4,0.3,0.8,1.3,1.4,1,10,,
RUMA HW,RUMA,H,W,3,4/26/22,4/25/22,0.7,0.8,0.4,1.5,1.3,0.6,80,1,,
SOCA HW,SOCA,H,W,3,4/26/22,4/25/22,0.1,0.4,0.6,0.6,1.6,0.5,10,1,,
PUNU LW,PUNU,L,W,3,4/26/22,4/25/22,0.9,1.4,1.1,1.1,1,1.4,10,10,,
EPCI LW,EPCI,L,W,3,4/26/22,4/25/22,0.5,0.5,0.2,0.9,1.1,1.2,20,1,,
SCPU LWO,SCPU,L,WO,3,4/26/22,4/25/22,0.3,0.4,0.5,NA,NA,NA,1,NA,,
HENU LWO,HENU,L,WO,3,4/26/22,4/25/22,1.2,0.9,0.5,NA,NA,NA,30,NA,,
SCAC HW,SCAC,H,W,3,4/26/22,4/25/22,0.2,0.4,1,1.4,0.7,1.3,1,10,,
HENU HWO,HENU,H,WO,3,4/26/22,4/25/22,2.9,2.8,3.7,NA,NA,NA,90,NA,,
JUTO LWO,JUTO,L,WO,3,4/26/22,4/25/22,NA,NA,NA,NA,NA,NA,0,NA,,no JUTO
SYCI HWO,SYCI,H,WO,3,4/26/22,4/25/22,0.9,0.6,0.3,NA,NA,NA,40,NA,,
SCPU LW,SCPU,L,W,3,4/26/22,4/25/22,0.3,0.7,0.6,1,1.1,0.9,1,10,,
SCAC LW,SCAC,L,W,3,4/26/22,4/25/22,0.3,1.1,0.4,1.1,1,1.2,1,10,,
SCAM LWO,SCAM,L,WO,3,4/26/22,4/25/22,NA,NA,NA,NA,NA,NA,0,NA,,no SCAM
EUOC LW,EUOC,L,W,3,4/26/22,4/25/22,0.2,0.2,0.6,1,0.9,1.1,20,10,,
JUAR HW,JUAR,H,W,3,4/26/22,4/25/22,1.2,0.8,0.8,1.2,1.5,1.6,1,10,,
JUGE HWO,JUGE,H,WO,3,4/26/22,4/25/22,0.8,0.7,0.7,NA,NA,NA,1,NA,,
PUNU HW,PUNU,H,W,3,4/26/22,4/25/22,1.6,1.7,1.5,1.6,2.6,2,10,20,,
EUMA LWO,EUMA,L,WO,3,4/26/22,4/25/22,0.5,0.5,0.3,NA,NA,NA,10,NA,,
JUAR HWO,JUAR,H,WO,3,4/26/22,4/25/22,0.3,0.1,0.5,NA,NA,NA,1,NA,,
BOMA HW,BOMA,H,W,3,4/26/22,4/25/22,NA,NA,NA,1.2,1.2,0.8,0,1,,no BOMA
EUOC HWO,EUOC,H,WO,3,4/26/22,4/25/22,0.5,0.2,0.6,NA,NA,NA,40,NA,,
BICE LW,BICE,L,W,3,4/26/22,4/25/22,2.5,3.1,0.8,1.5,1.4,1.2,10,1,,
RUMA LWO,RUMA,L,WO,3,4/26/22,4/25/22,1,0.5,0.4,NA,NA,NA,40,NA,,
BICE LWO,BICE,L,WO,3,4/26/22,4/25/22,3.5,2.5,2.3,NA,NA,NA,20,NA,,
SOCA LWO,SOCA,L,WO,3,4/26/22,4/25/22,0.7,0.4,0.3,NA,NA,NA,10,NA,,
MUAS LWO,MUAS,L,WO,3,4/26/22,4/25/22,2.2,3.1,1.5,NA,NA,NA,10,NA,,
RUMA LW,RUMA,L,W,3,4/26/22,4/25/22,1.2,0.5,0.9,1,2.8,3.2,50,1,,
BOMA HWO,BOMA,H,WO,3,4/26/22,4/25/22,NA,NA,NA,NA,NA,NA,0,NA,,no BOMA
EUMA LW,EUMA,L,W,3,4/26/22,4/25/22,0.8,0.6,0.9,2.1,2.2,1,10,10,,
JUGE LW,JUGE,L,W,3,4/26/22,4/25/22,NA,NA,NA,0.9,1.4,0.5,0,10,,no JUGE
DISP LW,DISP,L,W,3,4/26/22,4/25/22,NA,NA,NA,NA,NA,NA,,,20,could not tell apart
BICE HW,BICE,H,W,3,4/26/22,4/25/22,2.5,3,4.1,0.9,1,1.6,40,10,,
SCAM LW,SCAM,L,W,3,4/26/22,4/25/22,NA,NA,NA,1.4,0.9,2,0,10,,no SCAM
SYCI LW,SYCI,L,W,3,4/26/22,4/25/22,0.5,0.4,0.8,0.8,0.4,1.2,20,10,,
JUAR LWO,JUAR,L,WO,3,4/26/22,4/25/22,0.3,0.6,0.5,NA,NA,NA,1,NA,,
MUAS LW,MUAS,L,W,3,4/26/22,4/25/22,NA,NA,NA,NA,NA,NA,,,20,could not tell apart
DISP LWO,DISP,L,WO,3,4/26/22,4/25/22,2.3,1.1,1.8,NA,NA,NA,10,NA,,
PUNU HWO,PUNU,H,WO,3,4/26/22,4/25/22,0.4,1.2,0.5,NA,NA,NA,20,NA,,
RUMA HWO,RUMA,H,WO,3,4/26/22,4/25/22,1.5,1.6,0.6,NA,NA,NA,80,NA,,
SOCA LW,SOCA,L,W,3,4/26/22,4/25/22,0.6,0.4,1,0.8,1.4,0.6,10,10,,
MUAS HW,MUAS,H,W,3,4/26/22,4/25/22,NA,NA,NA,NA,NA,NA,,,20,could not tell apart
BOMA LWO,BOMA,L,WO,3,4/26/22,4/25/22,NA,NA,NA,NA,NA,NA,0,NA,,no BOMA
EUOC LWO,EUOC,L,WO,3,4/26/22,4/25/22,0.3,0.9,0.2,NA,NA,NA,10,NA,,
SCAM HWO,SCAM,H,WO,3,4/26/22,4/25/22,NA,NA,NA,NA,NA,NA,0,NA,,no SCAM
DISP HWO,DISP,H,WO,3,4/26/22,4/25/22,0.9,1.5,1.1,NA,NA,NA,10,NA,,
EUMA HWO,EUMA,H,WO,3,4/26/22,4/25/22,0.8,0.5,1.5,NA,NA,NA,20,NA,,
PHAU,PHAU,NA,NA,3,4/26/22,4/25/22,NA,NA,NA,0.9,0.8,1.5,NA,10,,
SYCI HW,SYCI,H,W,3,4/26/22,4/25/22,0.6,0.5,0.2,1.2,0.9,1.9,50,10,,
EUMA HW,EUMA,H,W,3,4/26/22,4/25/22,0.4,0.9,0.5,1.4,1.3,0.8,20,10,,
SCPU HW,SCPU,H,W,3,4/26/22,4/25/22,0.6,1.2,1,1,1.3,1.4,1,1,,not much of either coming up
EUOC HW,EUOC,H,W,3,4/26/22,4/25/22,0.2,0.5,0.5,1.3,1.8,0.9,20,1,,
MUAS HWO,MUAS,H,WO,3,4/26/22,4/25/22,0.9,0.7,0.9,NA,NA,NA,20,NA,,
SCPU HWO,SCPU,H,WO,3,4/26/22,4/25/22,0.6,0.7,0.2,NA,NA,NA,1,NA,,
PUNU LWO,PUNU,L,WO,3,4/26/22,4/25/22,1,1.3,1.2,NA,NA,NA,10,NA,,
SOCA HWO,SOCA,H,WO,3,4/26/22,4/25/22,0.4,0.6,0.2,NA,NA,NA,10,NA,,
DISP HW,DISP,H,W,3,4/26/22,4/25/22,NA,NA,NA,NA,NA,NA,,,10,cannot tell apart
EPCI LWO,EPCI,L,WO,3,4/26/22,4/25/22,0.5,0.9,0.9,NA,NA,NA,20,NA,,
SCAC HWO,SCAC,H,WO,3,4/26/22,4/25/22,0.3,0.1,0.5,NA,NA,NA,1,NA,,
BOMA HWO,BOMA,H,WO,1,5/2/22,5/2/22,NA,1.1,2.4,NA,NA,NA,1,NA,,BOMA 1 a weed
SYCI LWO,SYCI,L,WO,1,5/2/22,5/2/22,0.9,1.6,1.1,NA,NA,NA,30,NA,,
JUGE HW,JUGE,H,W,1,5/2/22,5/2/22,0.5,0.4,0.8,0.9,1.8,0.6,1,10,,
SCAM HW,SCAM,H,W,1,5/2/22,5/2/22,NA,NA,NA,2.5,2.5,2.6,0,20,,No SCAM
DISP LW,DISP,L,W,1,5/2/22,5/2/22,4,2.1,3.5,4.6,3.6,4.5,10,10,,
EUMA LWO,EUMA,L,WO,1,5/2/22,5/2/22,1.1,2.3,1,NA,NA,NA,20,NA,,
SCPU HW,SCPU,H,W,1,5/2/22,5/2/22,2,1.6,0.6,2.3,5,3.5,1,20,,
RUMA LW,RUMA,L,W,1,5/2/22,5/2/22,1.1,4.1,3.4,4,1.2,5.8,80,20,,
HENU HW,HENU,H,W,1,5/2/22,5/2/22,15.8,12.4,14.1,NA,1.1,0.8,90,10,,PHAU 1 dead
EUOC HW,EUOC,H,W,1,5/2/22,5/2/22,1.9,2.7,1.5,3.2,3.1,3.6,50,20,,
SOCA LW,SOCA,L,W,1,5/2/22,5/2/22,0.6,0.9,1.1,1.3,5.1,2.3,10,20,,
MUAS HWO,MUAS,H,WO,1,5/2/22,5/2/22,2.1,1.6,8,NA,NA,NA,50,NA,,
MUAS HW,MUAS,H,W,1,5/2/22,5/2/22,5.6,7.6,6.5,9.1,6,4.9,50,20,,
SCAC LW,SCAC,L,W,1,5/2/22,5/2/22,2.1,0.9,2.4,6.2,2.4,3.4,1,20,,
HENU LWO,HENU,L,WO,1,5/2/22,5/2/22,9.9,6.4,12.7,NA,NA,NA,70,NA,,
SCPU LW,SCPU,L,W,1,5/2/22,5/2/22,1.3,1,1.6,2.8,4.9,6.6,1,20,,
JUTO HWO,JUTO,H,WO,1,5/2/22,5/2/22,NA,NA,NA,NA,NA,NA,0,NA,,No JUTO
PUNU LWO,PUNU,L,WO,1,5/2/22,5/2/22,3.5,2.1,1.5,NA,NA,NA,10,NA,,
JUAR LW,JUAR,L,W,1,5/2/22,5/2/22,1.6,1.4,1.1,6.5,NA,5.4,1,20,,PHAU 2 dead
BICE HWO,BICE,H,WO,1,5/2/22,5/2/22,13.1,9.2,16.4,NA,NA,NA,>99,NA,,
JUGE LWO,JUGE,L,WO,1,5/2/22,5/2/22,0.4,0.4,NA,NA,NA,NA,<1,NA,,only 2 plants
DISP HWO,DISP,H,WO,1,5/2/22,5/2/22,4.4,4.1,3.5,NA,NA,NA,30,NA,,
JUTO LWO,JUTO,L,WO,1,5/2/22,5/2/22,NA,NA,NA,NA,NA,NA,0,NA,,No JUTO
EUOC LWO,EUOC,L,WO,1,5/2/22,5/2/22,0.6,0.8,0.4,NA,NA,NA,20,NA,,
SCAC HW,SCAC,H,W,1,5/2/22,5/2/22,0.8,1,0.5,3,4.2,3.2,1,10,,
PUNU LW,PUNU,L,W,1,5/2/22,5/2/22,1.2,1.4,1.2,5.9,4.4,2.9,20,10,,
RUMA LWO,RUMA,L,WO,1,5/2/22,5/2/22,1.1,2.3,0.9,NA,NA,NA,70,NA,,
EUMA LW,EUMA,L,W,1,5/2/22,5/2/22,0.9,1,1.4,3,NA,3.9,20,10,,PHAU 2 dead
SCAC HWO,SCAC,H,WO,1,5/2/22,5/2/22,2.2,0.7,0.9,NA,NA,NA,10,NA,,
PHAU,PHAU,NA,NA,1,5/2/22,5/2/22,NA,NA,NA,3.1,5.5,3.1,NA,20,,
BICE LWO,BICE,L,WO,1,5/2/22,5/2/22,2.5,4.5,3.7,NA,NA,NA,60,NA,,
BOMA LWO,BOMA,L,WO,1,5/2/22,5/2/22,1.6,2.5,1.1,NA,NA,NA,1,NA,,
EPCI LWO,EPCI,L,WO,1,5/2/22,5/2/22,5,1.4,4.4,NA,NA,NA,60,NA,,
HENU LW,HENU,L,W,1,5/2/22,5/2/22,7.1,8.4,6.3,2.1,1.9,NA,80,10,,PHAU 3 dead
SCPU LWO,SCPU,L,WO,1,5/2/22,5/2/22,0.6,2,0.9,NA,NA,NA,1,NA,,
EUOC HWO,EUOC,H,WO,1,5/2/22,5/2/22,0.5,0.8,0.4,NA,NA,NA,50,NA,,
SCAC LWO,SCAC,L,WO,1,5/2/22,5/2/22,1.6,1.2,0.9,NA,NA,NA,1,NA,,
JUAR LWO,JUAR,L,WO,1,5/2/22,5/2/22,NA,1.2,0.6,NA,NA,NA,10,NA,,JUAR 1 a weed
HENU HWO,HENU,H,WO,1,5/2/22,5/2/22,8.2,4.6,8.1,NA,NA,NA,90,NA,,
RUMA HW,RUMA,H,W,1,5/2/22,5/2/22,2,0.9,0.5,1.9,4.4,1.6,90,10,,
EPCI HWO,EPCI,H,WO,1,5/2/22,5/2/22,7.9,2.8,3,NA,NA,NA,80,NA,,
BICE LW,BICE,L,W,1,5/2/22,5/2/22,19.6,18.7,8,1.2,2.1,2.4,80,20,,
JUGE HWO,JUGE,H,WO,1,5/2/22,5/2/22,1.1,1.2,1.1,NA,NA,NA,1,NA,,
EPCI HW,EPCI,H,W,1,5/2/22,5/2/22,0.9,7.8,4.3,0.5,1.8,2.9,80,10,,
JUTO LW,JUTO,L,W,1,5/2/22,5/2/22,NA,NA,NA,3.3,2.5,3.9,0,10,,No JUTO
EUMA HWO,EUMA,H,WO,1,5/2/22,5/2/22,2.1,1.5,3.4,NA,NA,NA,30,NA,,
SOCA LWO,SOCA,L,WO,1,5/2/22,5/2/22,0.8,0.7,0.7,NA,NA,NA,10,NA,,
SYCI HWO,SYCI,H,WO,1,5/2/22,5/2/22,0.8,1,0.9,NA,NA,NA,60,NA,,
JUGE LW,JUGE,L,W,1,5/2/22,5/2/22,NA,NA,NA,5.4,4.1,4.3,0,20,,No JUGE
EPCI LW,EPCI,L,W,1,5/2/22,5/2/22,2.4,6.1,2.9,6,5.2,5.6,50,20,,
PUNU HWO,PUNU,H,WO,1,5/2/22,5/2/22,3.4,2.1,2.2,NA,NA,NA,30,NA,,
SCAM LW,SCAM,L,W,1,5/2/22,5/2/22,NA,NA,NA,3.5,5,6.3,0,30,,No SCAM
SYCI HW,SYCI,H,W,1,5/2/22,5/2/22,NA,NA,NA,4.9,4.6,4.9,0,30,,No SYCI
JUTO HW,JUTO,H,W,1,5/2/22,5/2/22,NA,NA,NA,1.4,2.4,3.1,0,20,,No JUTO
EUMA HW,EUMA,H,W,1,5/2/22,5/2/22,2,1.5,0.5,2.9,2.4,2.1,50,10,,
SOCA HWO,SOCA,H,WO,1,5/2/22,5/2/22,0.4,0.6,0.9,NA,NA,NA,20,NA,,
RUMA HWO,RUMA,H,WO,1,5/2/22,5/2/22,4,2.2,1.2,NA,NA,NA,90,NA,,
PUNU HW,PUNU,H,W,1,5/2/22,5/2/22,1.5,2.5,2.9,5.6,1.8,5.5,40,30,,
MUAS LWO,MUAS,L,WO,1,5/2/22,5/2/22,1.4,3.1,1.9,NA,NA,NA,20,NA,,
BOMA HW,BOMA,H,W,1,5/2/22,5/2/22,0.6,1.8,0.2,6.6,3.1,3.7,1,20,,
JUAR HW,JUAR,H,W,1,5/2/22,5/2/22,1.2,1.5,0.9,4.1,6.1,2.1,10,20,,
DISP HW,DISP,H,W,1,5/2/22,5/2/22,3.1,3.5,4.1,3.5,4.1,3.9,20,20,,
SOCA HW,SOCA,H,W,1,5/2/22,5/2/22,0.4,0.6,0.7,2.4,4,6,20,10,,
DISP LWO,DISP,L,WO,1,5/2/22,5/2/22,0.9,0.9,1,NA,NA,NA,1,NA,,
BOMA LW,BOMA,L,W,1,5/2/22,5/2/22,NA,NA,NA,1,2.1,2.4,0,10,,No BOMA
SCPU HWO,SCPU,H,WO,1,5/2/22,5/2/22,0.7,0.5,0.5,NA,NA,NA,1,NA,,
BICE HW,BICE,H,W,1,5/2/22,5/2/22,7.8,2.9,10.7,3.6,2.1,1.1,60,10,,
SYCI LW,SYCI,L,W,1,5/2/22,5/2/22,1.5,1.9,0.6,2.8,1.8,1.1,20,10,,
SCAM HWO,SCAM,H,WO,1,5/2/22,5/2/22,0.4,0.5,0.2,NA,NA,NA,1,NA,,
EUOC LW,EUOC,L,W,1,5/2/22,5/2/22,0.2,0.4,0.4,1,0.2,2.4,20,10,,
MUAS LW,MUAS,L,W,1,5/2/22,5/2/22,4.6,3.4,1.6,2.2,3.1,4.1,10,20,,
JUAR HWO,JUAR,H,WO,1,5/2/22,5/2/22,0.9,0.5,0.6,NA,NA,NA,10,NA,,
SCAM LWO,SCAM,L,WO,1,5/2/22,5/2/22,NA,NA,NA,NA,NA,NA,0,NA,,No SCAM
JUAR HWO,JUAR,H,WO,2,5/2/22,5/2/22,0.9,0.8,0.7,NA,NA,NA,10,NA,,
HENU LW,HENU,L,W,2,5/2/22,5/2/22,6.2,5.2,3.4,2.8,1.2,1.2,60,10,,
SOCA HW,SOCA,H,W,2,5/2/22,5/2/22,0.5,0.3,0.5,2.2,0.2,3.4,10,10,,
BOMA HWO,BOMA,H,WO,2,5/2/22,5/2/22,0.9,NA,NA,NA,NA,NA,<1,NA,,1 BOMA
RUMA LW,RUMA,L,W,2,5/2/22,5/2/22,0.8,1.4,0.8,2.4,0.7,0.8,50,10,,
BICE LWO,BICE,L,WO,2,5/2/22,5/2/22,8.4,5.3,3.1,NA,NA,NA,40,NA,,
PUNU HWO,PUNU,H,WO,2,5/2/22,5/2/22,1.8,3.1,1.6,NA,NA,NA,40,NA,,
SCPU HWO,SCPU,H,WO,2,5/2/22,5/2/22,NA,0.4,0.4,NA,NA,NA,1,NA,,
EUOC HWO,EUOC,H,WO,2,5/2/22,5/2/22,0.4,0.3,0.3,NA,NA,NA,30,NA,,
JUGE LW,JUGE,L,W,2,5/2/22,5/2/22,NA,NA,NA,1,0.4,0.3,0,10,,no JUGE
SCPU LW,SCPU,L,W,2,5/2/22,5/2/22,NA,0.4,0.6,0.9,0.4,1.1,1,10,,SCPU 1 a weed
SCAC HW,SCAC,H,W,2,5/2/22,5/2/22,1.1,0.4,0.5,1.9,1.2,2.2,1,10,,
BICE HWO,BICE,H,W,2,5/2/22,5/2/22,1.4,2.8,4.6,1.9,0.9,1.1,30,NA,,
EPCI LW,EPCI,L,W,2,5/2/22,5/2/22,0.4,0.3,0.4,0.6,0.9,0.9,20,10,,
EPCI HWO,EPCI,H,WO,2,5/2/22,5/2/22,0.9,1.2,1.4,NA,NA,NA,60,NA,,
EUOC LW,EUOC,L,W,2,5/2/22,5/2/22,0.4,0.6,0.3,0.8,3,2.9,10,10,,
SCAC LWO,SCAC,L,WO,2,5/2/22,5/2/22,0.8,0.7,0.7,NA,NA,NA,1,NA,,
SYCI LW,SYCI,L,W,2,5/2/22,5/2/22,1.2,1.8,0.7,2.9,2.3,2.8,30,10,,
HENU HW,HENU,H,W,2,5/2/22,5/2/22,7.6,11.6,8.2,2.3,0.5,1.9,90,10,,
SCPU LWO,SCPU,L,WO,2,5/2/22,5/2/22,1.2,0.7,0.8,NA,NA,NA,1,NA,,
JUTO LWO,JUTO,L,WO,2,5/2/22,5/2/22,NA,NA,NA,NA,NA,NA,0,NA,,No JUTO
MUAS LW,MUAS,L,W,2,5/2/22,5/2/22,2.6,3.1,1.6,2.1,2.8,2.6,20,20,,
SCAM HW,SCAM,H,WO,2,5/2/22,5/2/22,0.8,0.9,0.9,NA,NA,NA,1,NA,,
BOMA LW,BOMA,L,W,2,5/2/22,5/2/22,1.2,NA,NA,2.2,2.4,1.2,<1,10,,only 1 BOMA
JUGE HWO,JUGE,H,WO,2,5/2/22,5/2/22,0.4,0.9,0.8,NA,NA,NA,1,NA,,
HENU HWO,HENU,H,WO,2,5/2/22,5/2/22,11.6,5.9,11.1,NA,NA,NA,80,NA,,
JUAR LWO,JUAR,L,WO,2,5/2/22,5/2/22,1.2,0.9,0.5,NA,NA,NA,1,NA,,
SYCI HW,SYCI,H,W,2,5/2/22,5/2/22,3.6,2.7,2.6,2.1,3.1,1.2,70,10,,
PHAU,PHAU,NA,NA,2,5/2/22,5/2/22,NA,NA,NA,4.7,5.1,5.9,NA,20,,
EPCI LWO,EPCI,L,WO,2,5/2/22,5/2/22,5.1,2.7,5.3,NA,NA,NA,70,NA,,
BICE HW,BICE,H,W,2,5/2/22,5/2/22,8.6,5.4,11.4,2.4,1.1,3.8,80,10,,
HENU LWO,HENU,L,WO,2,5/2/22,5/2/22,6.2,4.1,2.6,NA,NA,NA,30,NA,,
DISP HWO,DISP,H,WO,2,5/2/22,5/2/22,2.1,3.4,3.6,NA,NA,NA,40,NA,,
PUNU LWO,PUNU,L,WO,2,5/2/22,5/2/22,2.3,2,2.4,NA,NA,NA,20,NA,,
BOMA HW,BOMA,H,W,2,5/2/22,5/2/22,1.1,0.8,0.4,1.9,2.2,6.2,1,20,,
SYCI LWO,SYCI,L,WO,2,5/2/22,5/2/22,1.9,0.6,2.2,NA,NA,NA,30,NA,,
BOMA LWO,BOMA,L,WO,2,5/2/22,5/2/22,0.6,NA,1.6,NA,NA,NA,1,NA,,BOMA 2 A WEED
RUMA HW,RUMA,H,W,2,5/2/22,5/2/22,1.1,0.4,0.8,4.2,1.9,1.6,90,10,,
SOCA HWO,SOCA,H,WO,2,5/2/22,5/2/22,0.4,0.6,0.7,NA,NA,NA,20,NA,,
SCAM HWO,SCAM,H,WO,2,5/2/22,5/2/22,1.9,0.8,1.8,NA,NA,NA,1,NA,,
SCAC HWO,SCAC,H,WO,2,5/2/22,5/2/22,1.2,1.8,0.9,NA,NA,NA,1,NA,,
MUAS HWO,MUAS,H,WO,2,5/2/22,5/2/22,4.1,1.9,4.4,NA,NA,NA,50,NA,,
SOCA LW,SOCA,L,W,2,5/2/22,5/2/22,0.7,0.4,0.5,4.4,8.1,5.2,10,20,,
EPCI HW,EPCI,H,W,2,5/2/22,5/2/22,8.4,11.6,11.7,2.1,5.6,2.4,90,20,,
JUTO HWO,JUTO,H,WO,2,5/2/22,5/2/22,0.4,0.9,0.8,NA,NA,NA,1,NA,,
BICE LW,BICE,L,W,2,5/2/22,5/2/22,5.1,9.5,14.9,3.4,4.6,3.6,80,20,,
JUTO LW,JUTO,L,W,2,5/2/22,5/2/22,NA,NA,NA,2.7,3,4.9,0,10,,no JUTO
SYCI HWO,SYCI,H,WO,2,5/2/22,5/2/22,1.1,3.2,0.3,NA,NA,NA,70,NA,,
EUMA LWO,EUMA,L,WO,2,5/2/22,5/2/22,0.7,0.9,1.4,NA,NA,NA,20,NA,,
JUGE HW,JUGE,H,W,2,5/2/22,5/2/22,0.7,0.4,0.9,4.4,2.4,3,1,10,,
RUMA LWO,RUMA,L,WO,2,5/2/22,5/2/22,4.2,1.4,1.6,NA,NA,NA,60,NA,,
SCAC LW,SCAC,L,W,2,5/2/22,5/2/22,1.1,2.3,2,6.5,6,6.9,1,20,,
SOCA LWO,SOCA,L,WO,2,5/2/22,5/2/22,1.1,0.4,0.6,NA,NA,NA,10,NA,,
DISP LW,DISP,L,W,2,5/2/22,5/2/22,3.9,5.5,5.6,3.8,5.5,6.9,10,10,,
SCAM LWO,SCAM,L,WO,2,5/2/22,5/2/22,NA,NA,NA,NA,NA,NA,0,NA,,No SCAM
EUMA LW,EUMA,L,W,2,5/2/22,5/2/22,2.4,3.8,2,3.2,7.5,4.5,40,20,,
JUAR LW,JUAR,L,W,2,5/2/22,5/2/22,0.9,0.7,1.1,3.1,4.9,3,1,10,,
EUMA HWO,EUMA,H,WO,2,5/2/22,5/2/22,1,0.5,NA,NA,NA,NA,40,NA,,EUMA 3 A WEED
DISP HW,DISP,H,W,2,5/2/22,5/2/22,3,4.5,3.1,3.5,5.7,4,20,10,,
PUNU HW,PUNU,H,W,2,5/2/22,5/2/22,0.6,2.1,3.3,3,3.8,6,20,10,,
EUOC HW,EUOC,H,W,2,5/2/22,5/2/22,0.4,0.5,0.4,2.4,0.9,2.2,60,10,,
SCAM LW,SCAM,L,W,2,5/2/22,5/2/22,NA,NA,NA,5.5,4.2,7.6,0,20,,no SCAM
EUMA HW,EUMA,H,W,2,5/2/22,5/2/22,0.9,2.9,2.9,3.6,5.5,5.5,70,20,,
MUAS HW,MUAS,H,W,2,5/2/22,5/2/22,12.5,8.1,3.9,4.1,7.6,9.1,30,10,,
SCPU HW,SCPU,H,W,2,5/2/22,5/2/22,1,1.1,1.3,6,4.4,7.5,1,10,,
JUAR HW,JUAR,H,W,2,5/2/22,5/2/22,0.5,1.2,0.6,5.1,3.9,8,1,10,,
DISP LWO,DISP,L,WO,2,5/2/22,5/2/22,4.9,1.9,6.1,NA,NA,NA,20,NA,,
EUOC LWO,EUOC,L,WO,2,5/2/22,5/2/22,1,1.4,0.7,NA,NA,NA,30,NA,,
RUMA HWO,RUMA,H,WO,2,5/2/22,5/2/22,5.7,1.3,1.4,NA,NA,NA,90,NA,,
MUAS LWO,MUAS,L,WO,2,5/2/22,5/2/22,4.4,2.2,1.9,NA,NA,NA,20,NA,,
JUTO HW,JUTO,H,W,2,5/2/22,5/2/22,NA,NA,NA,6.5,7.4,4.9,0,20,,No JUTO
JUGE LWO,JUGE,L,WO,2,5/2/22,5/2/22,NA,NA,NA,NA,NA,NA,0,NA,,No JUGE
PUNU LW,PUNU,L,W,2,5/2/22,5/2/22,2.1,2.5,1.6,4,4.3,5.8,10,10,,
JUTO HWO,JUTO,H,WO,3,5/3/22,5/2/22,NA,NA,NA,NA,NA,NA,0,NA,,no JUTO
SCAM HW,SCAM,H,W,3,5/3/22,5/2/22,0.8,0.8,NA,2.5,2.6,3.2,<1,10,,only 2 SCAM
EPCI HWO,EPCI,H,WO,3,5/3/22,5/2/22,2.6,4.3,3.5,NA,NA,NA,90,NA,,
JUGE HW,JUGE,H,W,3,5/3/22,5/2/22,0.6,0.5,1.4,0.9,2.6,4.4,1,20,,
BICE HWO,BICE,H,WO,3,5/3/22,5/2/22,12.8,14.7,7.6,NA,NA,NA,90,NA,,
HENU HW,HENU,H,W,3,5/3/22,5/2/22,10.2,10.4,10.1,2.6,3,4.1,90,10,,
BOMA LW,BOMA,L,W,3,5/3/22,5/2/22,NA,NA,NA,2.3,4.4,5.2,0,20,,no BOMA
SCAC LWO,SCAC,L,WO,3,5/3/22,5/2/22,1.5,2.2,1.4,NA,NA,NA,1,NA,,
HENU LW,HENU,L,W,3,5/3/22,5/2/22,5.4,7.9,8.8,2.6,2.5,2.3,50,10,,
JUTO HW,JUTO,H,W,3,5/3/22,5/2/22,0.6,NA,NA,NA,2.1,2.7,<1,10,,"only 1 JUTO, PHAU 1 dead, lots dying in this tub"
JUTO LW,JUTO,L,W,3,5/3/22,5/2/22,NA,NA,NA,2.6,4.7,4.1,0,10,,no JUTO
JUGE LWO,JUGE,L,WO,3,5/3/22,5/2/22,0.4,0.5,0.6,NA,NA,NA,1,NA,,
SYCI LWO,SYCI,L,WO,3,5/3/22,5/2/22,1.8,1.1,0.6,NA,NA,NA,40,NA,,
EPCI HW,EPCI,H,W,3,5/3/22,5/2/22,8.6,7.8,3.6,2.8,2.1,4.2,90,1,,
JUAR LW,JUAR,L,W,3,5/3/22,5/2/22,0.5,0.7,0.8,2.7,2.8,5,1,10,,
RUMA HW,RUMA,H,W,3,5/3/22,5/2/22,2.9,3.4,0.6,4.3,3.4,0.6,90,1,,
SOCA HW,SOCA,H,W,3,5/3/22,5/2/22,0.4,0.6,0.6,1.8,3.4,0.5,20,10,,
PUNU LW,PUNU,L,W,3,5/3/22,5/2/22,2.1,2.4,1.6,2.6,2.4,5.9,10,1,,
EPCI LW,EPCI,L,W,3,5/3/22,5/2/22,1.1,2.9,1.5,0.7,2.6,2.9,50,1,,
SCPU LWO,SCPU,L,WO,3,5/3/22,5/2/22,0.7,0.4,0.6,NA,NA,NA,1,NA,,
HENU LWO,HENU,L,WO,3,5/3/22,5/2/22,4.8,4.6,3.4,NA,NA,NA,60,NA,,
SCAC HW,SCAC,H,W,3,5/3/22,5/2/22,0.8,1.1,1.9,3.9,1.7,4,1,10,,
HENU HWO,HENU,H,WO,3,5/3/22,5/2/22,10.9,9.8,15.2,NA,NA,NA,90,NA,,
JUTO LWO,JUTO,L,WO,3,5/3/22,5/2/22,NA,NA,NA,NA,NA,NA,0,NA,,no JUTO
SYCI HWO,SYCI,H,WO,3,5/3/22,5/2/22,2.1,0.5,1.4,NA,NA,NA,60,NA,,
SCPU LW,SCPU,L,W,3,5/3/22,5/2/22,0.9,1.2,1.2,3.9,2.6,2.4,1,10,,
SCAC LW,SCAC,L,W,3,5/3/22,5/2/22,1.1,1.9,1.1,4.5,4.2,3.9,1,20,,
SCAM LWO,SCAM,L,WO,3,5/3/22,5/2/22,NA,NA,NA,NA,NA,NA,0,NA,,no SCAM
EUOC LW,EUOC,L,W,3,5/3/22,5/2/22,0.4,0.3,0.6,2.5,2.9,4.5,30,10,,
JUAR HW,JUAR,H,W,3,5/3/22,5/2/22,0.9,0.6,0.9,4.7,4.4,5.8,1,10,,
JUGE HWO,JUGE,H,WO,3,5/3/22,5/2/22,0.9,0.8,1.2,NA,NA,NA,1,NA,,
PUNU HW,PUNU,H,W,3,5/3/22,5/2/22,3,2.4,2.6,4.1,5.9,4.3,50,10,,
EUMA LWO,EUMA,L,WO,3,5/3/22,5/2/22,0.9,1.4,1.5,NA,NA,NA,20,NA,,
JUAR HWO,JUAR,H,WO,3,5/3/22,5/2/22,0.8,0.6,1.1,NA,NA,NA,1,NA,,
BOMA HW,BOMA,H,W,3,5/3/22,5/2/22,NA,NA,NA,2.1,3,1.9,0,10,,no BOMA
EUOC HWO,EUOC,H,WO,3,5/3/22,5/2/22,0.6,0.7,0.6,NA,NA,NA,50,NA,,
BICE LW,BICE,L,W,3,5/3/22,5/2/22,6.4,7.9,1.8,3.5,2.8,3,30,10,,
RUMA LWO,RUMA,L,WO,3,5/3/22,5/2/22,1.5,1.6,1.4,NA,NA,NA,80,NA,,
BICE LWO,BICE,L,WO,3,5/3/22,5/2/22,4.6,5.6,10.5,NA,NA,NA,40,NA,,
SOCA LWO,SOCA,L,WO,3,5/3/22,5/2/22,0.8,1.1,0.6,NA,NA,NA,10,NA,,
MUAS LWO,MUAS,L,WO,3,5/3/22,5/2/22,6.1,7.8,3.2,NA,NA,NA,20,NA,,
RUMA LW,RUMA,L,W,3,5/3/22,5/2/22,2.3,5,1.3,1.9,1.2,4.1,90,10,,
BOMA HWO,BOMA,H,WO,3,5/3/22,5/2/22,NA,NA,NA,NA,NA,NA,0,NA,,no BOMA
EUMA LW,EUMA,L,W,3,5/3/22,5/2/22,2.6,2.1,3.1,4.8,6.3,4.9,20,10,,
JUGE LW,JUGE,L,W,3,5/3/22,5/2/22,NA,NA,NA,2.4,3.7,3.8,0,10,,no JUGE
DISP LW,DISP,L,W,3,5/3/22,5/2/22,2.5,2.4,3,3.7,2.4,6.2,10,10,,
BICE HW,BICE,H,W,3,5/3/22,5/2/22,8.5,7.1,13.4,1.2,0.7,1.2,90,10,,
SCAM LW,SCAM,L,W,3,5/3/22,5/2/22,0.9,1.4,0.4,1,2.1,5.9,1,10,,
SYCI LW,SYCI,L,W,3,5/3/22,5/2/22,2.3,1,2.2,1.2,1.8,3.9,40,10,,
JUAR LWO,JUAR,L,WO,3,5/3/22,5/2/22,0.8,0.5,0.7,NA,NA,NA,1,NA,,
MUAS LW,MUAS,L,W,3,5/3/22,5/2/22,3.3,3.4,2.1,3.7,6,4.7,20,10,,
DISP LWO,DISP,L,WO,3,5/3/22,5/2/22,2.9,3.6,5.1,NA,NA,NA,10,NA,,
PUNU HWO,PUNU,H,WO,3,5/3/22,5/2/22,3.4,1.6,4.1,NA,NA,NA,30,NA,,
RUMA HWO,RUMA,H,WO,3,5/3/22,5/2/22,3.6,3,0.9,NA,NA,NA,>99,NA,,
SOCA LW,SOCA,L,W,3,5/3/22,5/2/22,0.9,0.7,0.7,2.4,3.8,NA,10,10,,PHAU 3 dead
MUAS HW,MUAS,H,W,3,5/3/22,5/2/22,1.4,3.3,4.8,2.3,4,3.3,20,10,,
BOMA LWO,BOMA,L,WO,3,5/3/22,5/2/22,NA,NA,NA,NA,NA,NA,0,NA,,no BOMA
EUOC LWO,EUOC,L,WO,3,5/3/22,5/2/22,0.4,1.8,0.5,NA,NA,NA,20,NA,,
SCAM HWO,SCAM,H,WO,3,5/3/22,5/2/22,0.7,NA,NA,NA,NA,NA,<1,NA,,only 1 SCAM
DISP HWO,DISP,H,WO,3,5/3/22,5/2/22,1.1,2.9,3.7,NA,NA,NA,10,NA,,
EUMA HWO,EUMA,H,WO,3,5/3/22,5/2/22,1.6,1.4,3.3,NA,NA,NA,30,NA,,
PHAU,PHAU,NA,NA,3,5/3/22,5/2/22,NA,NA,NA,2.6,4.8,2.6,NA,10,,
SYCI HW,SYCI,H,W,3,5/3/22,5/2/22,1.5,5.9,5.1,1.8,0.9,4.1,80,1,,
EUMA HW,EUMA,H,W,3,5/3/22,5/2/22,2.8,3.1,1.3,3.2,2.2,2.1,30,10,,
SCPU HW,SCPU,H,W,3,5/3/22,5/2/22,1.1,1,NA,1.5,3.2,3.1,1,1,,SCPU 3 dead
EUOC HW,EUOC,H,W,3,5/3/22,5/2/22,0.4,0.9,0.7,2.9,3.9,2.1,40,1,,
MUAS HWO,MUAS,H,WO,3,5/3/22,5/2/22,3.4,1.3,4.5,NA,NA,NA,30,NA,,
SCPU HWO,SCPU,H,WO,3,5/3/22,5/2/22,1,1.1,0.3,NA,NA,NA,1,NA,,
PUNU LWO,PUNU,L,WO,3,5/3/22,5/2/22,2.9,3.1,2.1,NA,NA,NA,20,NA,,
SOCA HWO,SOCA,H,WO,3,5/3/22,5/2/22,0.5,0.6,0.4,NA,NA,NA,20,NA,,
DISP HW,DISP,H,W,3,5/3/22,5/2/22,2,2.1,2.9,2.6,2.1,3.5,10,1,,
EPCI LWO,EPCI,L,WO,3,5/3/22,5/2/22,2,2.7,2.9,NA,NA,NA,40,NA,,
SCAC HWO,SCAC,H,WO,3,5/3/22,5/2/22,0.9,0.9,1.2,NA,NA,NA,1,NA,,
BOMA HWO,BOMA,H,WO,1,5/9/22,5/9/22,7.8,2.7,4.2,NA,NA,NA,1,NA,,BOMA 1 a weed
SYCI LWO,SYCI,L,WO,1,5/9/22,5/9/22,0.7,2.8,0.6,NA,NA,NA,50,NA,,
JUGE HW,JUGE,H,W,1,5/9/22,5/9/22,1.3,1,1.4,1.3,2.4,1.2,1,10,,
SCAM HW,SCAM,H,W,1,5/9/22,5/9/22,1.2,0.8,1.7,7.5,9.2,9.3,1,20,,
DISP LW,DISP,L,W,1,5/9/22,5/9/22,9.9,6.4,7.5,14.4,12.8,17,10,10,,
EUMA LWO,EUMA,L,WO,1,5/9/22,5/9/22,6.8,9.9,9.2,NA,NA,NA,60,NA,,
SCPU HW,SCPU,H,W,1,5/9/22,5/9/22,2.4,3.5,1.4,5.5,14.4,15,1,20,,
RUMA LW,RUMA,L,W,1,5/9/22,5/9/22,0.5,15.3,12.2,NA,1,3.5,80,20,,PHAU 1 dead
HENU HW,HENU,H,W,1,5/9/22,5/9/22,26.3,20.4,28.8,NA,1.8,NA,>99,10,,PHAU 3 dead
EUOC HW,EUOC,H,W,1,5/9/22,5/9/22,2.9,10.6,9.2,5,8.9,3.8,80,20,,
SOCA LW,SOCA,L,W,1,5/9/22,5/9/22,2.8,3.5,4.3,3.5,14,4.1,20,20,,
MUAS HWO,MUAS,H,WO,1,5/9/22,5/9/22,10.9,11.4,4.9,NA,NA,NA,70,NA,,
MUAS HW,MUAS,H,W,1,5/9/22,5/9/22,18.1,1,1.5,23.1,18.4,15.7,70,10,,
SCAC LW,SCAC,L,W,1,5/9/22,5/9/22,4.9,3.2,4.2,20.1,11.4,13.4,1,20,,
HENU LWO,HENU,L,WO,1,5/9/22,5/9/22,29.6,15,26.9,NA,NA,NA,80,NA,,
SCPU LW,SCPU,L,W,1,5/9/22,5/9/22,2.9,1.8,3.7,4.9,9.5,6.1,1,20,,
JUTO HWO,JUTO,H,WO,1,5/9/22,5/9/22,1.4,1.1,NA,NA,NA,NA,<1,NA,,only 2 plants
PUNU LWO,PUNU,L,WO,1,5/9/22,5/9/22,7.8,3.6,3,NA,NA,NA,10,NA,,
JUAR LW,JUAR,L,W,1,5/9/22,5/9/22,2.3,1.9,1.9,17.6,NA,13.2,1,20,,
BICE HWO,BICE,H,WO,1,5/9/22,5/9/22,22.6,13.4,27.4,NA,NA,NA,>99,NA,,
JUGE LWO,JUGE,L,WO,1,5/9/22,5/9/22,1.2,0.8,1.1,NA,NA,NA,1,NA,,
DISP HWO,DISP,H,WO,1,5/9/22,5/9/22,8.2,2.8,6.6,NA,NA,NA,40,NA,,
JUTO LWO,JUTO,L,WO,1,5/9/22,5/9/22,NA,NA,NA,NA,NA,NA,0,NA,,no growth
EUOC LWO,EUOC,L,WO,1,5/9/22,5/9/22,1.2,1.3,2.6,NA,NA,NA,40,NA,,
SCAC HW,SCAC,H,W,1,5/9/22,5/9/22,1.4,2.4,2,12.6,15.4,14.2,1,10,,
PUNU LW,PUNU,L,W,1,5/9/22,5/9/22,5,3.2,3.2,17.3,14.3,8.8,20,10,,
RUMA LWO,RUMA,L,WO,1,5/9/22,5/9/22,13.5,26.1,5.5,NA,NA,NA,90,NA,,
EUMA LW,EUMA,L,W,1,5/9/22,5/9/22,3.9,6.5,7.9,11.9,NA,4.8,50,10,,
SCAC HWO,SCAC,H,WO,1,5/9/22,5/9/22,4.2,1.5,2.1,NA,NA,NA,10,NA,,
PHAU,PHAU,NA,NA,1,5/9/22,5/9/22,NA,NA,NA,7.8,15,17,NA,20,,
BICE LWO,BICE,L,WO,1,5/9/22,5/9/22,1.3,9.1,15.6,NA,NA,NA,90,NA,,
BOMA LWO,BOMA,L,WO,1,5/9/22,5/9/22,2.4,4.8,2.2,NA,NA,NA,1,NA,,
EPCI LWO,EPCI,L,WO,1,5/9/22,5/9/22,20.9,7.1,22.5,NA,NA,NA,90,NA,,
HENU LW,HENU,L,W,1,5/9/22,5/9/22,22.9,24.9,22.2,2.6,2.3,NA,90,10,,
SCPU LWO,SCPU,L,WO,1,5/9/22,5/9/22,1.2,6.1,1.5,NA,NA,NA,1,NA,,
EUOC HWO,EUOC,H,WO,1,5/9/22,5/9/22,1,1.8,2.5,NA,NA,NA,80,NA,,
SCAC LWO,SCAC,L,WO,1,5/9/22,5/9/22,3,1.8,1.6,NA,NA,NA,1,NA,,
JUAR LWO,JUAR,L,WO,1,5/9/22,5/9/22,NA,1.5,0.8,NA,NA,NA,10,NA,,JUAR 1 a weed
HENU HWO,HENU,H,WO,1,5/9/22,5/9/22,30.9,25.8,16.3,NA,NA,NA,>99,NA,,
RUMA HW,RUMA,H,W,1,5/9/22,5/9/22,2.2,1.3,0.6,1.4,3.9,NA,>99,1,,yellowish/white spots on some leaves; PHAU 3 dead
EPCI HWO,EPCI,H,WO,1,5/9/22,5/9/22,23.9,3.2,6,NA,NA,NA,90,NA,,
BICE LW,BICE,L,W,1,5/9/22,5/9/22,40.3,43,40.4,1.4,1.9,3.8,>99,10,,
JUGE HWO,JUGE,H,WO,1,5/9/22,5/9/22,1.4,2.2,1.3,NA,NA,NA,1,NA,,
EPCI HW,EPCI,H,W,1,5/9/22,5/9/22,5.3,27.7,9.6,0.6,2.3,4.1,>99,1,,
JUTO LW,JUTO,L,W,1,5/9/22,5/9/22,1,NA,NA,6.8,10.1,15.5,<1,10,,only 1 JUTO
EUMA HWO,EUMA,H,WO,1,5/9/22,5/9/22,9.2,8.9,9.1,NA,NA,NA,90,NA,,
SOCA LWO,SOCA,L,WO,1,5/9/22,5/9/22,1.2,1,1.3,NA,NA,NA,20,NA,,
SYCI HWO,SYCI,H,WO,1,5/9/22,5/9/22,0.5,2.4,12,NA,NA,NA,90,NA,,
JUGE LW,JUGE,L,W,1,5/9/22,5/9/22,NA,NA,NA,6.9,12,16.5,0,20,,no JUGE
EPCI LW,EPCI,L,W,1,5/9/22,5/9/22,4.1,20,8.9,NA,13.6,7,70,20,,PHAU 1 dead
PUNU HWO,PUNU,H,WO,1,5/9/22,5/9/22,9.5,3.4,1.9,NA,NA,NA,30,NA,,
SCAM LW,SCAM,L,W,1,5/9/22,5/9/22,2,1.1,1.9,27.9,15.3,17.5,1,20,,
SYCI HW,SYCI,H,W,1,5/9/22,5/9/22,NA,NA,NA,3.6,18.6,14.1,0,30,,
JUTO HW,JUTO,H,W,1,5/9/22,5/9/22,1.2,2.3,1.4,10.8,11.1,13.6,1,20,,
EUMA HW,EUMA,H,W,1,5/9/22,5/9/22,11.1,8.4,2.1,14.4,3.4,2.4,90,10,,
SOCA HWO,SOCA,H,WO,1,5/9/22,5/9/22,2.9,0.7,1.1,NA,NA,NA,50,NA,,
RUMA HWO,RUMA,H,WO,1,5/9/22,5/9/22,1.5,18.2,5.1,NA,NA,NA,90,NA,,
PUNU HW,PUNU,H,W,1,5/9/22,5/9/22,4.6,7.9,3.4,17.9,8.4,15.6,30,10,,
MUAS LWO,MUAS,L,WO,1,5/9/22,5/9/22,15,12.5,11,NA,NA,NA,30,NA,,
BOMA HW,BOMA,H,W,1,5/9/22,5/9/22,2.1,2.2,1.5,21.5,22.7,14.2,1,20,,
JUAR HW,JUAR,H,W,1,5/9/22,5/9/22,2,1.2,1.8,12.6,18.1,9.7,10,20,,
DISP HW,DISP,H,W,1,5/9/22,5/9/22,5.3,13.1,10.5,13.2,11.9,14,30,20,,
SOCA HW,SOCA,H,W,1,5/9/22,5/9/22,0.5,1.6,0.6,6.1,14.2,17.1,40,20,,
DISP LWO,DISP,L,WO,1,5/9/22,5/9/22,1.7,1.6,1.9,NA,NA,NA,1,NA,,
BOMA LW,BOMA,L,W,1,5/9/22,5/9/22,0.9,1.9,NA,2.1,3.4,4.9,<1,1,,only 2 BOMA
SCPU HWO,SCPU,H,WO,1,5/9/22,5/9/22,1,0.9,0.8,NA,NA,NA,1,NA,,
BICE HW,BICE,H,W,1,5/9/22,5/9/22,19.4,9.4,28.5,5.9,2.9,2.5,90,1,,
SYCI LW,SYCI,L,W,1,5/9/22,5/9/22,1.5,3,4.2,7.2,2.3,NA,40,10,,PHAU 3 dead 
SCAM HWO,SCAM,H,WO,1,5/9/22,5/9/22,1.1,1.2,1.1,NA,NA,NA,1,NA,,
EUOC LW,EUOC,L,W,1,5/9/22,5/9/22,0.4,4.1,0.8,2.9,1.4,6.3,40,10,,
MUAS LW,MUAS,L,W,1,5/9/22,5/9/22,6,11.1,7.4,5.5,11.1,11.5,10,10,,
JUAR HWO,JUAR,H,WO,1,5/9/22,5/9/22,2,1.4,1.5,NA,NA,NA,10,NA,,
SCAM LWO,SCAM,L,WO,1,5/9/22,5/9/22,NA,NA,NA,NA,NA,NA,0,NA,,no SCAM
JUAR HWO,JUAR,H,WO,2,5/9/22,5/9/22,1.9,0.8,0.5,NA,NA,NA,10,NA,,
HENU LW,HENU,L,W,2,5/9/22,5/9/22,13.2,23.1,9.3,3.5,1.4,2.6,90,1,,
SOCA HW,SOCA,H,W,2,5/9/22,5/9/22,0.9,0.6,1,6,1.9,10.5,20,10,,
BOMA HWO,BOMA,H,WO,2,5/9/22,5/9/22,2,NA,NA,NA,NA,NA,<1,NA,,only 1 BOMA
RUMA LW,RUMA,L,W,2,5/9/22,5/9/22,6.5,12.3,6.1,1.6,2.1,2.6,80,1,,
BICE LWO,BICE,L,WO,2,5/9/22,5/9/22,18.8,16.5,13,NA,NA,NA,80,NA,,
PUNU HWO,PUNU,H,WO,2,5/9/22,5/9/22,4.2,6.4,6,NA,NA,NA,40,NA,,
SCPU HWO,SCPU,H,WO,2,5/9/22,5/9/22,NA,1,0.5,NA,NA,NA,1,NA,,
EUOC HWO,EUOC,H,WO,2,5/9/22,5/9/22,0.9,0.5,1.8,NA,NA,NA,40,NA,,
JUGE LW,JUGE,L,W,2,5/9/22,5/9/22,1,0.9,1.6,2.4,NA,1.6,1,10,,PHAU 2 dead 
SCPU LW,SCPU,L,W,2,5/9/22,5/9/22,NA,0.6,0.7,1.2,1.4,2.3,1,1,,SCPU 1 A WEED
SCAC HW,SCAC,H,W,2,5/9/22,5/9/22,1.6,1.2,1.1,4.5,3.2,7.6,1,10,,
BICE HWO,BICE,H,W,2,5/9/22,5/9/22,1.5,10.9,14.4,NA,NA,NA,90,1,,
EPCI LW,EPCI,L,W,2,5/9/22,5/9/22,3.4,0.8,6,0.8,3.2,1.7,30,1,,
EPCI HWO,EPCI,H,WO,2,5/9/22,5/9/22,4.1,5.3,9.5,NA,NA,NA,90,NA,,
EUOC LW,EUOC,L,W,2,5/9/22,5/9/22,0.5,0.9,0.6,2.6,9.1,6.6,20,20,,
SCAC LWO,SCAC,L,WO,2,5/9/22,5/9/22,1.9,2.5,1.7,NA,NA,NA,1,NA,,
SYCI LW,SYCI,L,W,2,5/9/22,5/9/22,3.1,6.5,1.1,5.1,6.1,6.1,50,10,,
HENU HW,HENU,H,W,2,5/9/22,5/9/22,18.8,19.8,21.5,2.1,1.9,3.2,90,1,,
SCPU LWO,SCPU,L,WO,2,5/9/22,5/9/22,1.3,0.9,1.5,NA,NA,NA,1,NA,,
JUTO LWO,JUTO,L,WO,2,5/9/22,5/9/22,0.4,0.5,NA,NA,NA,NA,<1,NA,,only 2 JUTO
MUAS LW,MUAS,L,W,2,5/9/22,5/9/22,7,8.5,3.4,7.3,12.9,8.8,10,10,,
SCAM HW,SCAM,H,WO,2,5/9/22,5/9/22,1.8,2.1,1.9,NA,NA,NA,1,NA,,
BOMA LW,BOMA,L,W,2,5/9/22,5/9/22,2.8,2.6,0.9,9.3,11,1.7,1,10,,
JUGE HWO,JUGE,H,WO,2,5/9/22,5/9/22,0.8,1.1,1.1,NA,NA,NA,1,NA,,
HENU HWO,HENU,H,WO,2,5/9/22,5/9/22,24.4,25.9,22.3,NA,NA,NA,90,NA,,
JUAR LWO,JUAR,L,WO,2,5/9/22,5/9/22,2.1,1.3,1.5,NA,NA,NA,1,NA,,
SYCI HW,SYCI,H,W,2,5/9/22,5/9/22,7.6,8.2,10.3,5.6,11.1,3.9,80,10,,
PHAU,PHAU,NA,NA,2,5/9/22,5/9/22,NA,NA,NA,13,15.8,17,NA,20,,
EPCI LWO,EPCI,L,WO,2,5/9/22,5/9/22,24.6,23.1,24.5,NA,NA,NA,80,NA,,
BICE HW,BICE,H,W,2,5/9/22,5/9/22,13.8,8.4,32.8,3.1,NA,3.1,>99,10,,
HENU LWO,HENU,L,WO,2,5/9/22,5/9/22,30.5,11,16.5,NA,NA,NA,50,NA,,
DISP HWO,DISP,H,WO,2,5/9/22,5/9/22,6.6,3.5,8.6,NA,NA,NA,30,NA,,
PUNU LWO,PUNU,L,WO,2,5/9/22,5/9/22,5.2,1.9,4,NA,NA,NA,20,NA,,
BOMA HW,BOMA,H,W,2,5/9/22,5/9/22,2.6,2.2,3.4,5.8,4.6,20.1,1,20,,
SYCI LWO,SYCI,L,WO,2,5/9/22,5/9/22,4.8,1.1,5.5,NA,NA,NA,50,NA,,
BOMA LWO,BOMA,L,WO,2,5/9/22,5/9/22,1.3,NA,2.7,NA,NA,NA,1,NA,,BOMA 2 a weed
RUMA HW,RUMA,H,W,2,5/9/22,5/9/22,16.9,1.3,2.2,4.4,2.4,1.4,>99,1,,
SOCA HWO,SOCA,H,WO,2,5/9/22,5/9/22,1.7,3,4,NA,NA,NA,60,NA,,
SCAM HWO,SCAM,H,WO,2,5/9/22,5/9/22,1.4,1.2,1.6,NA,NA,NA,1,NA,,
SCAC HWO,SCAC,H,WO,2,5/9/22,5/9/22,4.4,4.6,2.1,NA,NA,NA,1,NA,,
MUAS HWO,MUAS,H,WO,2,5/9/22,5/9/22,8.8,10.9,17.5,NA,NA,NA,50,NA,,
SOCA LW,SOCA,L,W,2,5/9/22,5/9/22,1.6,2.1,1.2,15.8,19.1,20.9,20,20,,
EPCI HW,EPCI,H,W,2,5/9/22,5/9/22,23.3,8.9,6.8,2.5,NA,2.6,>99,10,,PHAU 2 dead
JUTO HWO,JUTO,H,WO,2,5/9/22,5/9/22,NA,1.3,1.8,NA,NA,NA,1,NA,,JUTO 1 dead
BICE LW,BICE,L,W,2,5/9/22,5/9/22,13.2,26.6,33.3,5.4,4.2,3.1,90,20,,
JUTO LW,JUTO,L,W,2,5/9/22,5/9/22,NA,NA,NA,6.1,10,14.9,0,20,,No JUTO
SYCI HWO,SYCI,H,WO,2,5/9/22,5/9/22,6.1,11.1,1.5,NA,NA,NA,90,NA,,
EUMA LWO,EUMA,L,WO,2,5/9/22,5/9/22,3.7,3.5,6.9,NA,NA,NA,40,NA,,
JUGE HW,JUGE,H,W,2,5/9/22,5/9/22,0.9,0.8,2.1,17.3,13.2,13.5,1,10,,
RUMA LWO,RUMA,L,WO,2,5/9/22,5/9/22,25.7,9.9,16.8,NA,NA,NA,90,NA,,
SCAC LW,SCAC,L,W,2,5/9/22,5/9/22,3.1,4.2,4.8,23.6,17.3,22.1,1,20,,
SOCA LWO,SOCA,L,WO,2,5/9/22,5/9/22,1.3,2.5,1.1,NA,NA,NA,20,NA,,
DISP LW,DISP,L,W,2,5/9/22,5/9/22,3.4,8.5,8.9,8.9,13.2,20.2,10,10,,
SCAM LWO,SCAM,L,WO,2,5/9/22,5/9/22,NA,NA,NA,NA,NA,NA,0,NA,,No growth/SCAM
EUMA LW,EUMA,L,W,2,5/9/22,5/9/22,15.7,12.4,3.9,4.6,19.2,11,90,20,,
JUAR LW,JUAR,L,W,2,5/9/22,5/9/22,0.9,1.8,1.1,12.4,15.2,10.2,1,10,,
EUMA HWO,EUMA,H,WO,2,5/9/22,5/9/22,3.2,0.8,NA,NA,NA,NA,50,NA,,EUMA 3 a weed
DISP HW,DISP,H,W,2,5/9/22,5/9/22,7.7,6.8,6,12.3,7.6,12.2,20,10,,
PUNU HW,PUNU,H,W,2,5/9/22,5/9/22,3.5,4.4,7.9,8,18.7,15.4,30,10,,
EUOC HW,EUOC,H,W,2,5/9/22,5/9/22,13.1,9.8,6.2,16.1,1.9,7.6,80,10,,
SCAM LW,SCAM,L,W,2,5/9/22,5/9/22,NA,NA,NA,17.5,12.4,19.1,0,20,,No SCAM
EUMA HW,EUMA,H,W,2,5/9/22,5/9/22,8.1,11.4,14.3,13.3,8.7,12.4,90,20,,
MUAS HW,MUAS,H,W,2,5/9/22,5/9/22,16.8,19,15.1,8.4,16.5,22.5,40,10,,
SCPU HW,SCPU,H,W,2,5/9/22,5/9/22,2,1.8,1.8,21.5,20.5,23.1,1,20,,
JUAR HW,JUAR,H,W,2,5/9/22,5/9/22,1,1.5,1.2,15.4,10.7,22.5,1,20,,
DISP LWO,DISP,L,WO,2,5/9/22,5/9/22,9.4,5.1,7.9,NA,NA,NA,20,NA,,
EUOC LWO,EUOC,L,WO,2,5/9/22,5/9/22,10.8,18.1,5.8,NA,NA,NA,60,NA,,
RUMA HWO,RUMA,H,WO,2,5/9/22,5/9/22,12.5,3,23.5,NA,NA,NA,>99,NA,,
MUAS LWO,MUAS,L,WO,2,5/9/22,5/9/22,5.8,11.4,11.6,NA,NA,NA,40,NA,,
JUTO HW,JUTO,H,W,2,5/9/22,5/9/22,NA,NA,NA,20.9,18.9,9.7,0,20,,no JUTO
JUGE LWO,JUGE,L,WO,2,5/9/22,5/9/22,0.9,NA,NA,NA,NA,NA,<1,NA,,only 1 JUGE
PUNU LW,PUNU,L,W,2,5/9/22,5/9/22,12.4,5.9,6,14.1,10.1,5.5,10,20,,
JUTO HWO,JUTO,H,WO,3,5/9/22,5/9/22,0.6,NA,NA,NA,NA,NA,<1,NA,,only 1 JUTO
SCAM HW,SCAM,H,W,3,5/9/22,5/9/22,0.9,1,1.4,6.1,5.2,7.2,1,10,,
EPCI HWO,EPCI,H,WO,3,5/9/22,5/9/22,4.1,16,12.6,NA,NA,NA,>99,NA,,
JUGE HW,JUGE,H,W,3,5/9/22,5/9/22,0.9,0.9,1.8,1.5,8.1,10.9,1,10,,
BICE HWO,BICE,H,WO,3,5/9/22,5/9/22,17.3,30.7,10.5,NA,NA,NA,>99,NA,,
HENU HW,HENU,H,W,3,5/9/22,5/9/22,22.5,23,24.2,2.5,3,1.8,90,1,,
BOMA LW,BOMA,L,W,3,5/9/22,5/9/22,NA,NA,NA,4.9,13,11.1,0,20,,
SCAC LWO,SCAC,L,WO,3,5/9/22,5/9/22,2.6,4.1,3,NA,NA,NA,1,NA,,
HENU LW,HENU,L,W,3,5/9/22,5/9/22,17.6,18.1,19.2,4.8,7,5.5,60,1,,
JUTO HW,JUTO,H,W,3,5/9/22,5/9/22,NA,1.5,0.9,NA,3.6,3.4,1,10,,
JUTO LW,JUTO,L,W,3,5/9/22,5/9/22,NA,NA,NA,6.4,8.9,10.1,0,10,,No JUTO
JUGE LWO,JUGE,L,WO,3,5/9/22,5/9/22,0.7,1,1,NA,NA,NA,1,NA,,
SYCI LWO,SYCI,L,WO,3,5/9/22,5/9/22,4.1,2.4,4,NA,NA,NA,80,NA,,
EPCI HW,EPCI,H,W,3,5/9/22,5/9/22,12.8,16.2,3.9,5.1,NA,4.2,>99,1,,PHRAG 2 dead
JUAR LW,JUAR,L,W,3,5/9/22,5/9/22,2.3,1.7,1.2,5.2,3.5,11.6,1,10,,
RUMA HW,RUMA,H,W,3,5/9/22,5/9/22,14.2,13.8,10.9,7.2,4.2,0.7,90,1,,
SOCA HW,SOCA,H,W,3,5/9/22,5/9/22,0.9,0.6,0.7,3.1,8.4,4.3,50,10,,
PUNU LW,PUNU,L,W,3,5/9/22,5/9/22,2.2,3,4.6,5.3,5.1,14.4,10,10,,
EPCI LW,EPCI,L,W,3,5/9/22,5/9/22,4.1,9.6,2.9,NA,4.8,5.7,80,1,,PHRAG 1 dead
SCPU LWO,SCPU,L,WO,3,5/9/22,5/9/22,0.9,0.4,1.2,NA,NA,NA,1,NA,,
HENU LWO,HENU,L,WO,3,5/9/22,5/9/22,13.4,13.8,13.5,NA,NA,NA,90,NA,,
SCAC HW,SCAC,H,W,3,5/9/22,5/9/22,2.9,1.8,3.9,9.4,5.2,10.1,1,10,,
HENU HWO,HENU,H,WO,3,5/9/22,5/9/22,21.4,17.2,23,NA,NA,NA,90,NA,,
JUTO LWO,JUTO,L,WO,3,5/9/22,5/9/22,NA,NA,NA,NA,NA,NA,0,NA,,No Growth/JUTO
SYCI HWO,SYCI,H,WO,3,5/9/22,5/9/22,7.6,0.5,1,NA,NA,NA,80,NA,,
SCPU LW,SCPU,L,W,3,5/9/22,5/9/22,1.6,2.2,0.9,10.4,6.5,5.1,1,10,,
SCAC LW,SCAC,L,W,3,5/9/22,5/9/22,1.8,2.5,1.5,9.8,8.8,9.6,1,10,,
SCAM LWO,SCAM,L,WO,3,5/9/22,5/9/22,NA,NA,NA,NA,NA,NA,0,NA,,No growth/SCAM
EUOC LW,EUOC,L,W,3,5/9/22,5/9/22,0.5,0.4,0.9,3.2,6,9.5,40,10,,
JUAR HW,JUAR,H,W,3,5/9/22,5/9/22,0.5,0.7,1.5,10.6,10.5,13.4,1,10,,
JUGE HWO,JUGE,H,WO,3,5/9/22,5/9/22,1.5,1.3,1.8,NA,NA,NA,1,NA,,
PUNU HW,PUNU,H,W,3,5/9/22,5/9/22,7.7,14.4,13.2,4.2,11.8,5.1,30,10,,
EUMA LWO,EUMA,L,WO,3,5/9/22,5/9/22,6.1,6.2,6.9,NA,NA,NA,60,NA,,
JUAR HWO,JUAR,H,WO,3,5/9/22,5/9/22,0.9,1.3,1.6,NA,NA,NA,10,NA,,
BOMA HW,BOMA,H,W,3,5/9/22,5/9/22,NA,NA,NA,3.5,7.5,3.5,0,10,,No BOMA
EUOC HWO,EUOC,H,WO,3,5/9/22,5/9/22,0.8,0.8,0.5,NA,NA,NA,80,NA,,
BICE LW,BICE,L,W,3,5/9/22,5/9/22,13.2,18.8,5.7,7.8,5.5,4.6,90,10,,
RUMA LWO,RUMA,L,WO,3,5/9/22,5/9/22,15.6,6.6,6.5,NA,NA,NA,90,NA,,
BICE LWO,BICE,L,WO,3,5/9/22,5/9/22,12.1,15.1,21.6,NA,NA,NA,80,NA,,
SOCA LWO,SOCA,L,WO,3,5/9/22,5/9/22,1.1,1,1,NA,NA,NA,20,NA,,
MUAS LWO,MUAS,L,WO,3,5/9/22,5/9/22,16.5,10.9,9,NA,NA,NA,20,NA,,
RUMA LW,RUMA,L,W,3,5/9/22,5/9/22,17.9,1.2,13.5,2,6.5,6.8,90,1,,
BOMA HWO,BOMA,H,WO,3,5/9/22,5/9/22,3,1.9,0.5,NA,NA,NA,<1,NA,,
EUMA LW,EUMA,L,W,3,5/9/22,5/9/22,7.4,5.5,8.8,9.7,11.9,11.1,80,20,,
JUGE LW,JUGE,L,W,3,5/9/22,5/9/22,0.8,NA,NA,5.2,7.5,4.5,<1,20,,only 1 JUGE
DISP LW,DISP,L,W,3,5/9/22,5/9/22,5,4.1,5.5,8.1,9.8,10.5,10,10,,
BICE HW,BICE,H,W,3,5/9/22,5/9/22,16.5,13.4,26.9,2.6,NA,1.3,>99,1,,PHRAG 2 dead
SCAM LW,SCAM,L,W,3,5/9/22,5/9/22,1.2,2,0.6,NA,8.8,15,1,10,,PHRAG 1 dead
SYCI LW,SYCI,L,W,3,5/9/22,5/9/22,2.4,5.5,7.5,1,3.9,8.6,60,10,,
JUAR LWO,JUAR,L,WO,3,5/9/22,5/9/22,1,0.8,1.5,NA,NA,NA,10,NA,,
MUAS LW,MUAS,L,W,3,5/9/22,5/9/22,7,5.7,9,9.7,13.9,9.9,20,10,,
DISP LWO,DISP,L,WO,3,5/9/22,5/9/22,7,6.3,2,NA,NA,NA,10,NA,,
PUNU HWO,PUNU,H,WO,3,5/9/22,5/9/22,3.2,5,4,NA,NA,NA,40,NA,,
RUMA HWO,RUMA,H,WO,3,5/9/22,5/9/22,18.1,11.1,0.8,NA,NA,NA,90,NA,,
SOCA LW,SOCA,L,W,3,5/9/22,5/9/22,0.8,0.9,0.8,5.5,8.9,NA,20,10,,
MUAS HW,MUAS,H,W,3,5/9/22,5/9/22,4.6,2.5,3.1,5.8,8.8,7,30,1,,
BOMA LWO,BOMA,L,WO,3,5/9/22,5/9/22,NA,NA,NA,NA,NA,NA,0,NA,,No Growth/BOMA
EUOC LWO,EUOC,L,WO,3,5/9/22,5/9/22,0.5,0.8,1.5,NA,NA,NA,40,NA,,
SCAM HWO,SCAM,H,WO,3,5/9/22,5/9/22,1.2,0.5,0.6,NA,NA,NA,1,NA,,
DISP HWO,DISP,H,WO,3,5/9/22,5/9/22,2.3,5.8,3.4,NA,NA,NA,20,NA,,
EUMA HWO,EUMA,H,WO,3,5/9/22,5/9/22,6,5.6,5.8,NA,NA,NA,50,NA,,
PHAU,PHAU,NA,NA,3,5/9/22,5/9/22,NA,NA,NA,8.6,11.5,5.5,NA,20,,
SYCI HW,SYCI,H,W,3,5/9/22,5/9/22,11.3,11.6,8.1,1.1,NA,7.5,90,1,,PHRAG 2 dead
EUMA HW,EUMA,H,W,3,5/9/22,5/9/22,8.8,7.7,5.4,7.7,3.1,3.8,50,10,,
SCPU HW,SCPU,H,W,3,5/9/22,5/9/22,1.5,1.6,NA,NA,7,20,1,1,,PHRAG 1 dead
EUOC HW,EUOC,H,W,3,5/9/22,5/9/22,2.9,0.5,3,6.5,3.4,5,50,1,,
MUAS HWO,MUAS,H,WO,3,5/9/22,5/9/22,8.4,3,10.2,NA,NA,NA,30,NA,,
SCPU HWO,SCPU,H,WO,3,5/9/22,5/9/22,1.4,1.9,0.7,NA,NA,NA,1,NA,,
PUNU LWO,PUNU,L,WO,3,5/9/22,5/9/22,2.4,3.5,1.4,NA,NA,NA,30,NA,,
SOCA HWO,SOCA,H,WO,3,5/9/22,5/9/22,0.5,1,0.6,NA,NA,NA,30,NA,,
DISP HW,DISP,H,W,3,5/9/22,5/9/22,3.2,1.5,4.8,6.9,6.8,6.7,1,1,,
EPCI LWO,EPCI,L,WO,3,5/9/22,5/9/22,9,9.6,13.6,NA,NA,NA,60,NA,,
SCAC HWO,SCAC,H,WO,3,5/9/22,5/9/22,1.4,1.6,1.3,NA,NA,NA,1,NA,,
BOMA HWO,BOMA,H,WO,1,5/16/22,5/16/22,NA,5.2,6.1,NA,NA,NA,1,NA,,BOMA 1 a weed
SYCI LWO,SYCI,L,WO,1,5/16/22,5/16/22,2.1,12,2.1,NA,NA,NA,50,NA,,
JUGE HW,JUGE,H,W,1,5/16/22,5/16/22,2.4,1.9,1.7,2.7,3,1.6,1,20,,
SCAM HW,SCAM,H,W,1,5/16/22,5/16/22,2.7,0.9,2.4,19.6,19.3,23.5,1,30,,
DISP LW,DISP,L,W,1,5/16/22,5/16/22,12,9.8,9.9,32.5,27.1,35.6,20,20,,
EUMA LWO,EUMA,L,WO,1,5/16/22,5/16/22,20.4,27.2,20.7,NA,NA,NA,90,NA,,
SCPU HW,SCPU,H,W,1,5/16/22,5/16/22,2.9,4.9,2.1,14,27.8,10.5,1,30,,
RUMA LW,RUMA,L,W,1,5/16/22,5/16/22,NA,37.6,30.3,NA,1.9,21.1,90,10,,RUMA 1 dead
HENU HW,HENU,H,W,1,5/16/22,5/16/22,30.2,24.8,35,NA,NA,NA,>99,1,,PHAU 2 dead
EUOC HW,EUOC,H,W,1,5/16/22,5/16/22,3.1,13.1,19.4,5,20.2,NA,70,20,,PHAU 3 dead
SOCA LW,SOCA,L,W,1,5/16/22,5/16/22,5.5,11,9.9,8,27.6,5.4,20,30,,
MUAS HWO,MUAS,H,WO,1,5/16/22,5/16/22,22.9,23.8,12.4,NA,NA,NA,80,NA,,
MUAS HW,MUAS,H,W,1,5/16/22,5/16/22,34.5,3,11.2,37.3,29,28.4,90,20,,
SCAC LW,SCAC,L,W,1,5/16/22,5/16/22,10,7.2,8.8,42.8,23.1,26.4,1,30,,
HENU LWO,HENU,L,WO,1,5/16/22,5/16/22,31.3,16.4,29.2,NA,NA,NA,90,NA,,
SCPU LW,SCPU,L,W,1,5/16/22,5/16/22,3.9,3.5,6.4,9.5,35.5,35,1,30,,
JUTO HWO,JUTO,H,WO,1,5/16/22,5/16/22,3,2.8,NA,NA,NA,NA,1,NA,,
PUNU LWO,PUNU,L,WO,1,5/16/22,5/16/22,10.5,10,6.4,NA,NA,NA,20,NA,,
JUAR LW,JUAR,L,W,1,5/16/22,5/16/22,6,2.8,3,32.5,NA,22.6,1,40,,
BICE HWO,BICE,H,WO,1,5/16/22,5/16/22,26.1,15.4,36.1,NA,NA,NA,>99,NA,,
JUGE LWO,JUGE,L,WO,1,5/16/22,5/16/22,1.5,1.4,2,NA,NA,NA,1,NA,,
DISP HWO,DISP,H,WO,1,5/16/22,5/16/22,15.1,11.5,9.1,NA,NA,NA,60,NA,,
JUTO LWO,JUTO,L,WO,1,5/16/22,5/16/22,NA,NA,NA,NA,NA,NA,0,NA,,no JUTO
EUOC LWO,EUOC,L,WO,1,5/16/22,5/16/22,4.3,8.5,13.5,NA,NA,NA,50,NA,,
SCAC HW,SCAC,H,W,1,5/16/22,5/16/22,1.9,4.3,5.2,29.4,11,31.5,1,20,,
PUNU LW,PUNU,L,W,1,5/16/22,5/16/22,8.4,7.1,6.1,33.5,31,19.6,30,20,,
RUMA LWO,RUMA,L,WO,1,5/16/22,5/16/22,29.9,52.2,21.7,NA,NA,NA,>99,NA,,
EUMA LW,EUMA,L,W,1,5/16/22,5/16/22,19.6,18.4,22.7,16,NA,25.6,90,10,,
SCAC HWO,SCAC,H,WO,1,5/16/22,5/16/22,5.5,3.4,4.4,NA,NA,NA,20,NA,,
PHAU,PHAU,NA,NA,1,5/16/22,5/16/22,NA,NA,NA,17.1,30.9,34.7,NA,30,,
BICE LWO,BICE,L,WO,1,5/16/22,5/16/22,NA,14.1,22.2,NA,NA,NA,>99,NA,,BICE 1 dead
BOMA LWO,BOMA,L,WO,1,5/16/22,5/16/22,5.2,5.5,5.6,NA,NA,NA,1,NA,,
EPCI LWO,EPCI,L,WO,1,5/16/22,5/16/22,35.5,7.5,15.9,NA,NA,NA,90,NA,,
HENU LW,HENU,L,W,1,5/16/22,5/16/22,23.4,30.4,23.6,NA,NA,NA,70,1,,"PHAU 2 dead, PHAU 1 dead, seems to have dried out somehow"
SCPU LWO,SCPU,L,WO,1,5/16/22,5/16/22,2.1,6.9,2.8,NA,NA,NA,1,NA,,
EUOC HWO,EUOC,H,WO,1,5/16/22,5/16/22,7,9.1,8.1,NA,NA,NA,80,NA,,
SCAC LWO,SCAC,L,WO,1,5/16/22,5/16/22,7.2,1.6,5.4,NA,NA,NA,10,NA,,
JUAR LWO,JUAR,L,WO,1,5/16/22,5/16/22,NA,1.6,0.9,NA,NA,NA,20,NA,,JUAR 1 a weed
HENU HWO,HENU,H,WO,1,5/16/22,5/16/22,26.4,28.9,19.4,NA,NA,NA,>99,NA,,
RUMA HW,RUMA,H,W,1,5/16/22,5/16/22,2.3,1.3,0.6,3.2,3.4,NA,>99,1,,
EPCI HWO,EPCI,H,WO,1,5/16/22,5/16/22,11.8,NA,7.3,NA,NA,NA,>99,NA,,EPCI 2 toothpick fell over
BICE LW,BICE,L,W,1,5/16/22,5/16/22,57.1,64,37.1,1.4,NA,3.5,>99,10,,PHAU 2 dead
JUGE HWO,JUGE,H,WO,1,5/16/22,5/16/22,2.2,2.1,2.4,NA,NA,NA,10,NA,,
EPCI HW,EPCI,H,W,1,5/16/22,5/16/22,6.1,39.6,12.3,2.6,0.8,5.1,80,10,,a little dry
JUTO LW,JUTO,L,W,1,5/16/22,5/16/22,2.8,NA,NA,12.7,26.5,31.2,1,20,,only 1 JUTO
EUMA HWO,EUMA,H,WO,1,5/16/22,5/16/22,19.4,22.9,15.6,NA,NA,NA,>99,NA,,
SOCA LWO,SOCA,L,WO,1,5/16/22,5/16/22,6.4,2.1,5.9,NA,NA,NA,40,NA,,
SYCI HWO,SYCI,H,WO,1,5/16/22,5/16/22,2.8,2.3,21.8,NA,NA,NA,>99,NA,,
JUGE LW,JUGE,L,W,1,5/16/22,5/16/22,NA,NA,NA,32.1,24.5,36,0,30,,no JUGE
EPCI LW,EPCI,L,W,1,5/16/22,5/16/22,29.4,5,12.1,NA,19.4,7,90,20,,
PUNU HWO,PUNU,H,WO,1,5/16/22,5/16/22,24.5,6.2,18.1,NA,NA,NA,50,NA,,
SCAM LW,SCAM,L,W,1,5/16/22,5/16/22,3.7,2.4,3.9,3.5,16.4,35.3,1,40,,
SYCI HW,SYCI,H,W,1,5/16/22,5/16/22,NA,NA,NA,33.1,38.9,34.1,0,40,,no SYCI
JUTO HW,JUTO,H,W,1,5/16/22,5/16/22,1.7,3.4,3,27.9,31.9,31.6,1,20,,
EUMA HW,EUMA,H,W,1,5/16/22,5/16/22,12.1,8.4,2.1,28.2,7.1,2.5,>99,10,,
SOCA HWO,SOCA,H,WO,1,5/16/22,5/16/22,13.9,5.1,10.8,NA,NA,NA,90,NA,,
RUMA HWO,RUMA,H,WO,1,5/16/22,5/16/22,37.2,35.7,9.2,NA,NA,NA,90,NA,,
PUNU HW,PUNU,H,W,1,5/16/22,5/16/22,17.1,25.5,3.3,3.9,13.5,30,60,20,,
MUAS LWO,MUAS,L,WO,1,5/16/22,5/16/22,29.6,2.2,6.4,NA,NA,NA,50,NA,,
BOMA HW,BOMA,H,W,1,5/16/22,5/16/22,2.9,5.6,4.4,44.6,26.5,28.5,1,30,,
JUAR HW,JUAR,H,W,1,5/16/22,5/16/22,4.9,2.6,1.9,27,33,14.9,10,30,,
DISP HW,DISP,H,W,1,5/16/22,5/16/22,1.9,3.9,14.9,21.8,25.2,25.5,40,20,,
SOCA HW,SOCA,H,W,1,5/16/22,5/16/22,2,6.2,2.1,13.9,30,31.5,90,20,,
DISP LWO,DISP,L,WO,1,5/16/22,5/16/22,3,3.6,4,NA,NA,NA,10,NA,,
BOMA LW,BOMA,L,W,1,5/16/22,5/16/22,0.8,3.4,NA,1.9,7.9,11.5,1,10,,only 2 BOMA
SCPU HWO,SCPU,H,WO,1,5/16/22,5/16/22,1.4,1.4,1.6,NA,NA,NA,10,NA,,
BICE HW,BICE,H,W,1,5/16/22,5/16/22,34,13.1,50.2,7.9,2.9,1.8,>99,10,,
SYCI LW,SYCI,L,W,1,5/16/22,5/16/22,14.5,12.6,10.2,14.9,4.5,NA,40,20,,
SCAM HWO,SCAM,H,WO,1,5/16/22,5/16/22,2.4,2,2.8,NA,NA,NA,1,NA,,
EUOC LW,EUOC,L,W,1,5/16/22,5/16/22,3.4,16.4,3.1,6.2,2.5,14.4,40,20,,
MUAS LW,MUAS,L,W,1,5/16/22,5/16/22,23,11.5,7.5,16.4,25.1,23.7,30,20,,
JUAR HWO,JUAR,H,WO,1,5/16/22,5/16/22,3,2.1,1.6,NA,NA,NA,10,NA,,
SCAM LWO,SCAM,L,WO,1,5/16/22,5/16/22,NA,NA,NA,NA,NA,NA,0,NA,,no SCAM
JUAR HWO,JUAR,H,WO,2,5/17/22,5/16/22,2.6,0.9,1.3,NA,NA,NA,20,NA,,
HENU LW,HENU,L,W,2,5/17/22,5/16/22,32.4,36.2,11.6,3.7,2.2,3.3,90,10,,
SOCA HW,SOCA,H,W,2,5/17/22,5/16/22,0.9,2,1.2,13.9,6.2,5,40,10,,
BOMA HWO,BOMA,H,WO,2,5/17/22,5/16/22,3.5,NA,NA,NA,NA,NA,<1,NA,,only 1 BOMA
RUMA LW,RUMA,L,W,2,5/17/22,5/16/22,17.5,46.8,24.2,7.1,1.9,5.2,>99,1,,
BICE LWO,BICE,L,WO,2,5/17/22,5/16/22,40.9,37.8,30.1,NA,NA,NA,90,NA,,
PUNU HWO,PUNU,H,WO,2,5/17/22,5/16/22,12,10.5,15.9,NA,NA,NA,80,NA,,
SCPU HWO,SCPU,H,WO,2,5/17/22,5/16/22,NA,2.1,0.5,NA,NA,NA,10,NA,,
EUOC HWO,EUOC,H,WO,2,5/17/22,5/16/22,3.6,8.9,4.6,NA,NA,NA,70,NA,,
JUGE LW,JUGE,L,W,2,5/17/22,5/16/22,1.9,1.8,2.5,9.3,NA,7.1,1,20,,
SCPU LW,SCPU,L,W,2,5/17/22,5/16/22,NA,1.6,1.5,5.9,1.7,7.4,1,10,,SCPU 1 a weed
SCAC HW,SCAC,H,W,2,5/17/22,5/16/22,4.8,2.8,3.1,10,7.4,19.7,1,20,,
BICE HWO,BICE,H,W,2,5/17/22,5/16/22,15.8,30.5,32.5,4.4,1.6,3.5,>99,10,,
EPCI LW,EPCI,L,W,2,5/17/22,5/16/22,12.2,2.8,23.5,3.1,7.9,1.4,70,10,,
EPCI HWO,EPCI,H,WO,2,5/17/22,5/16/22,4.4,6.4,23.5,NA,NA,NA,>99,NA,,
EUOC LW,EUOC,L,W,2,5/17/22,5/16/22,6,14.4,3.5,8.5,19.9,18.6,30,20,,
SCAC LWO,SCAC,L,WO,2,5/17/22,5/16/22,3.5,3.1,3.1,NA,NA,NA,1,NA,,
SYCI LW,SYCI,L,W,2,5/17/22,5/16/22,9.2,17,1.7,4.8,12.4,16,70,20,,
HENU HW,HENU,H,W,2,5/17/22,5/16/22,25.9,28.7,25.4,2,1.1,3.3,>99,1,,
SCPU LWO,SCPU,L,WO,2,5/17/22,5/16/22,2.6,1.6,2.1,NA,NA,NA,10,NA,,
JUTO LWO,JUTO,L,WO,2,5/17/22,5/16/22,1.5,2,NA,NA,NA,NA,1,NA,,only 2 JUTO
MUAS LW,MUAS,L,W,2,5/17/22,5/16/22,17.9,19.9,12.5,18.9,31.2,20.9,20,20,,
SCAM HW,SCAM,H,WO,2,5/17/22,5/16/22,2.6,4.9,2.4,NA,NA,NA,1,NA,,
BOMA LW,BOMA,L,W,2,5/17/22,5/16/22,6.4,4.5,2.4,16.8,30.7,1.8,1,20,,
JUGE HWO,JUGE,H,WO,2,5/17/22,5/16/22,1.4,1.9,1.6,NA,NA,NA,1,NA,,
HENU HWO,HENU,H,WO,2,5/17/22,5/16/22,27.8,35.8,26.4,NA,NA,NA,>99,NA,,
JUAR LWO,JUAR,L,WO,2,5/17/22,5/16/22,2.4,2.4,2.1,NA,NA,NA,10,NA,,
SYCI HW,SYCI,H,W,2,5/17/22,5/16/22,18.1,21.7,21.8,4.3,19.5,4.7,>99,20,,
PHAU,PHAU,NA,NA,2,5/17/22,5/16/22,NA,NA,NA,17,38.6,9.6,NA,30,,
EPCI LWO,EPCI,L,WO,2,5/17/22,5/16/22,61.8,58.4,60.9,NA,NA,NA,90,NA,,
BICE HW,BICE,H,W,2,5/17/22,5/16/22,53.3,8.9,36.4,2.7,NA,3.2,>99,10,,PHAU 2 dead
HENU LWO,HENU,L,WO,2,5/17/22,5/16/22,60.6,22.5,45.6,NA,NA,NA,90,NA,,
DISP HWO,DISP,H,WO,2,5/17/22,5/16/22,14.4,17.6,15.9,NA,NA,NA,70,NA,,
PUNU LWO,PUNU,L,WO,2,5/17/22,5/16/22,10.7,5.2,10.9,NA,NA,NA,40,NA,,
BOMA HW,BOMA,H,W,2,5/17/22,5/16/22,4.1,2.4,6.4,11.5,10.6,39.7,1,30,,
SYCI LWO,SYCI,L,WO,2,5/17/22,5/16/22,18.9,4.6,17,NA,NA,NA,80,NA,,
BOMA LWO,BOMA,L,WO,2,5/17/22,5/16/22,2.5,NA,3.4,NA,NA,NA,1,NA,,BOMA 2 A WEED
RUMA HW,RUMA,H,W,2,5/17/22,5/16/22,28.2,6.5,18.1,5.1,2.1,NA,>99,1,,PHAU 3 dead
SOCA HWO,SOCA,H,WO,2,5/17/22,5/16/22,5.2,10.1,8.4,NA,NA,NA,90,NA,,
SCAM HWO,SCAM,H,WO,2,5/17/22,5/16/22,2.9,1.8,2.8,NA,NA,NA,1,NA,,
SCAC HWO,SCAC,H,WO,2,5/17/22,5/16/22,4.9,8.8,7.4,NA,NA,NA,20,NA,,
MUAS HWO,MUAS,H,WO,2,5/17/22,5/16/22,21.2,34.6,32.1,NA,NA,NA,90,NA,,
SOCA LW,SOCA,L,W,2,5/17/22,5/16/22,10.8,5.1,5.1,11.1,17.6,45.3,30,30,,
EPCI HW,EPCI,H,W,2,5/17/22,5/16/22,36.1,10.4,6.1,NA,NA,1.4,>99,1,,could not find PHAU 1
JUTO HWO,JUTO,H,WO,2,5/17/22,5/16/22,NA,2.6,4.2,NA,NA,NA,1,NA,,
BICE LW,BICE,L,W,2,5/17/22,5/16/22,21,39.6,55,8.2,5.7,5.1,>99,10,,
JUTO LW,JUTO,L,W,2,5/17/22,5/16/22,NA,NA,NA,16.2,27.9,33.9,0,NA,,no JUTO; not sure why I did not put a value for PHAU cover
SYCI HWO,SYCI,H,WO,2,5/17/22,5/16/22,14.1,36.2,20.6,NA,NA,NA,>99,NA,,
EUMA LWO,EUMA,L,WO,2,5/17/22,5/16/22,20.6,23.2,26.1,NA,NA,NA,>99,NA,,
JUGE HW,JUGE,H,W,2,5/17/22,5/16/22,3.1,2.4,4.4,37.3,26.6,30.9,10,20,,
RUMA LWO,RUMA,L,WO,2,5/17/22,5/16/22,55.9,29.2,35.4,NA,NA,NA,>99,NA,,
SCAC LW,SCAC,L,W,2,5/17/22,5/16/22,4.4,5.8,7.1,38.8,35.8,45.3,1,30,,
SOCA LWO,SOCA,L,WO,2,5/17/22,5/16/22,10.8,8.6,7.9,NA,NA,NA,50,NA,,
DISP LW,DISP,L,W,2,5/17/22,5/16/22,9,13.1,25.8,18.9,31.2,8.2,20,20,,
SCAM LWO,SCAM,L,WO,2,5/17/22,5/16/22,NA,NA,NA,NA,NA,NA,0,NA,,no SCAM
EUMA LW,EUMA,L,W,2,5/17/22,5/16/22,21.5,20.9,8.4,5,29.5,18.9,90,30,,
JUAR LW,JUAR,L,W,2,5/17/22,5/16/22,1.7,1,1.6,34.1,39.1,26.2,10,20,,
EUMA HWO,EUMA,H,WO,2,5/17/22,5/16/22,6.2,3.4,NA,NA,NA,NA,90,NA,,EUMA 3 A WEED
DISP HW,DISP,H,W,2,5/17/22,5/16/22,13.8,14.1,13.6,29.5,26,35.7,30,10,,
PUNU HW,PUNU,H,W,2,5/17/22,5/16/22,15.9,5.7,13.1,17.1,12.9,13.9,40,10,,
EUOC HW,EUOC,H,W,2,5/17/22,5/16/22,28.4,26.4,11.1,2.3,0.8,NA,90,20,,PHAU 3 dead
SCAM LW,SCAM,L,W,2,5/17/22,5/16/22,NA,NA,NA,38.1,30.6,47.4,0,NA,,no SCAM; not sure why I did not record PHAU cover
EUMA HW,EUMA,H,W,2,5/17/22,5/16/22,4.3,18.8,18.6,24.3,41.5,22,>99,20,,
MUAS HW,MUAS,H,W,2,5/17/22,5/16/22,35.1,17.4,29.4,12.9,28,37.5,40,20,,
SCPU HW,SCPU,H,W,2,5/17/22,5/16/22,1.6,3,3.8,42,37.1,28.1,10,30,,
JUAR HW,JUAR,H,W,2,5/17/22,5/16/22,1.8,3.9,1.5,22.5,24.1,8.5,10,30,,
DISP LWO,DISP,L,WO,2,5/17/22,5/16/22,23.5,13.5,12.4,NA,NA,NA,50,NA,,
EUOC LWO,EUOC,L,WO,2,5/17/22,5/16/22,39.1,22.9,20,NA,NA,NA,60,NA,,
RUMA HWO,RUMA,H,WO,2,5/17/22,5/16/22,36,10.3,41.4,NA,NA,NA,>99,NA,,
MUAS LWO,MUAS,L,WO,2,5/17/22,5/16/22,17.1,28.7,37.1,NA,NA,NA,90,NA,,
JUTO HW,JUTO,H,W,2,5/17/22,5/16/22,NA,NA,NA,18.5,6.9,20.8,0,20,,no JUTO
JUGE LWO,JUGE,L,WO,2,5/17/22,5/16/22,1.9,NA,NA,NA,NA,NA,0,NA,,only 1 JUGE
PUNU LW,PUNU,L,W,2,5/17/22,5/16/22,18.1,3.2,9.1,25,21.3,20.9,20,30,,
JUTO HWO,JUTO,H,WO,3,5/17/22,5/16/22,0.6,NA,NA,NA,NA,NA,0,NA,,only 1 JUTO
SCAM HW,SCAM,H,W,3,5/17/22,5/16/22,2.6,0.9,2.6,14.9,14.1,21.1,1,20,,
EPCI HWO,EPCI,H,WO,3,5/17/22,5/16/22,4.5,19,19.9,NA,NA,NA,>99,NA,,
JUGE HW,JUGE,H,W,3,5/17/22,5/16/22,1.4,1.1,2.9,6.5,19.9,25.9,1,20,,
BICE HWO,BICE,H,WO,3,5/17/22,5/16/22,30.5,32.2,13.3,NA,NA,NA,90,NA,,
HENU HW,HENU,H,W,3,5/17/22,5/16/22,22.8,29.8,28,2.6,7.9,4.1,>99,1,,
BOMA LW,BOMA,L,W,3,5/17/22,5/16/22,NA,NA,NA,7.2,26.2,24.7,0,20,,no BOMA
SCAC LWO,SCAC,L,WO,3,5/17/22,5/16/22,5.3,7.1,5.5,NA,NA,NA,1,NA,,
HENU LW,HENU,L,W,3,5/17/22,5/16/22,25.2,21.7,27.5,5.2,11.1,10.6,90,1,,
JUTO HW,JUTO,H,W,3,5/17/22,5/16/22,NA,3,1.8,NA,2.7,12.7,1,10,,
JUTO LW,JUTO,L,W,3,5/17/22,5/16/22,NA,NA,NA,17,24.3,20,0,10,,no JUTO
JUGE LWO,JUGE,L,WO,3,5/17/22,5/16/22,1.1,1.5,2.2,NA,NA,NA,1,NA,,
SYCI LWO,SYCI,L,WO,3,5/17/22,5/16/22,18.3,16.6,17.9,NA,NA,NA,>99,NA,,
EPCI HW,EPCI,H,W,3,5/17/22,5/16/22,8.1,22.3,4,6.4,NA,7,>99,10,,
JUAR LW,JUAR,L,W,3,5/17/22,5/16/22,2.4,3,1.7,4.1,3.5,24.2,10,20,,
RUMA HW,RUMA,H,W,3,5/17/22,5/16/22,22.3,23.5,21.1,NA,4,1.1,>99,10,,PHAU 1 dead
SOCA HW,SOCA,H,W,3,5/17/22,5/16/22,2.1,1.5,1.4,9.1,21,10.1,90,10,,
PUNU LW,PUNU,L,W,3,5/17/22,5/16/22,6.6,6.6,5.2,14.2,13.1,32.9,20,20,,
EPCI LW,EPCI,L,W,3,5/17/22,5/16/22,11.9,32.9,14.5,NA,6.5,10.5,>99,1,,
SCPU LWO,SCPU,L,WO,3,5/17/22,5/16/22,1.6,1.5,1.8,NA,NA,NA,1,NA,,
HENU LWO,HENU,L,WO,3,5/17/22,5/16/22,19.7,27.6,21.2,NA,NA,NA,90,NA,,
SCAC HW,SCAC,H,W,3,5/17/22,5/16/22,2.9,2.6,6.2,8.4,16,22.2,1,20,,
HENU HWO,HENU,H,WO,3,5/17/22,5/16/22,24.8,26.7,12.6,NA,NA,NA,>99,NA,,
JUTO LWO,JUTO,L,WO,3,5/17/22,5/16/22,NA,NA,NA,NA,NA,NA,0,NA,,no JUTO
SYCI HWO,SYCI,H,WO,3,5/17/22,5/16/22,14.6,1.9,10.2,NA,NA,NA,90,NA,,
SCPU LW,SCPU,L,W,3,5/17/22,5/16/22,2.5,2.9,1.8,24.5,13.6,11.1,1,20,,
SCAC LW,SCAC,L,W,3,5/17/22,5/16/22,5.1,5.5,2.5,18.4,19.4,22.5,1,20,,
SCAM LWO,SCAM,L,WO,3,5/17/22,5/16/22,NA,NA,NA,NA,NA,NA,0,NA,,no SCAM
EUOC LW,EUOC,L,W,3,5/17/22,5/16/22,2.5,3.9,9.2,5.1,13.9,22.4,70,20,,
JUAR HW,JUAR,H,W,3,5/17/22,5/16/22,2.3,1.9,1.8,23.6,18.6,27.2,10,20,,
JUGE HWO,JUGE,H,WO,3,5/17/22,5/16/22,2.1,1.9,2.1,NA,NA,NA,10,NA,,
PUNU HW,PUNU,H,W,3,5/17/22,5/16/22,16.6,17.2,22.1,7.5,19.4,13.5,40,20,,
EUMA LWO,EUMA,L,WO,3,5/17/22,5/16/22,11.9,16.4,17.9,NA,NA,NA,>99,NA,,
JUAR HWO,JUAR,H,WO,3,5/17/22,5/16/22,1.6,2,1.6,NA,NA,NA,20,NA,,
BOMA HW,BOMA,H,W,3,5/17/22,5/16/22,NA,NA,NA,6,9,7.4,0,10,,no BOMA
EUOC HWO,EUOC,H,WO,3,5/17/22,5/16/22,2.9,5.1,0.6,NA,NA,NA,90,NA,,
BICE LW,BICE,L,W,3,5/17/22,5/16/22,23.7,12.9,14.1,7.6,1.6,7.9,>99,10,,
RUMA LWO,RUMA,L,WO,3,5/17/22,5/16/22,16.5,8.7,17.3,NA,NA,NA,90,NA,,
BICE LWO,BICE,L,WO,3,5/17/22,5/16/22,24.1,32.6,40.2,NA,NA,NA,>99,NA,,
SOCA LWO,SOCA,L,WO,3,5/17/22,5/16/22,1.9,1.5,2,NA,NA,NA,50,NA,,
MUAS LWO,MUAS,L,WO,3,5/17/22,5/16/22,24.1,15.5,17.2,NA,NA,NA,40,NA,,
RUMA LW,RUMA,L,W,3,5/17/22,5/16/22,11.8,7.1,25.6,1.7,8.4,6.1,>99,1,,
BOMA HWO,BOMA,H,WO,3,5/17/22,5/16/22,5.5,5.4,1.9,NA,NA,NA,1,NA,,
EUMA LW,EUMA,L,W,3,5/17/22,5/16/22,19,19.1,21.6,19.9,24.2,23.5,>99,20,,
JUGE LW,JUGE,L,W,3,5/17/22,5/16/22,1.3,NA,NA,13.7,17.1,15.4,<1,20,,
DISP LW,DISP,L,W,3,5/17/22,5/16/22,10.6,8,11.5,22.8,26.9,28.1,10,20,,
BICE HW,BICE,H,W,3,5/17/22,5/16/22,19.6,20.1,27.9,2.1,NA,NA,>99,1,,PHAU 3 dead
SCAM LW,SCAM,L,W,3,5/17/22,5/16/22,2.9,1.1,1.4,NA,25,32.1,1,20,,
SYCI LW,SYCI,L,W,3,5/17/22,5/16/22,10.6,15.8,19.7,1.3,3.6,17.1,80,20,,
JUAR LWO,JUAR,L,WO,3,5/17/22,5/16/22,1.6,1.9,1.7,NA,NA,NA,10,NA,,
MUAS LW,MUAS,L,W,3,5/17/22,5/16/22,12.1,24.9,18.1,21.6,25.9,19.5,40,20,,
DISP LWO,DISP,L,WO,3,5/17/22,5/16/22,5.2,12.5,9,NA,NA,NA,20,NA,,
PUNU HWO,PUNU,H,WO,3,5/17/22,5/16/22,12.1,16.5,17.6,NA,NA,NA,60,NA,,
RUMA HWO,RUMA,H,WO,3,5/17/22,5/16/22,26.7,14.2,1.2,NA,NA,NA,>99,NA,,
SOCA LW,SOCA,L,W,3,5/17/22,5/16/22,1.2,1.9,2.2,13.1,19.6,NA,40,20,,PHAU 3 dead
MUAS HW,MUAS,H,W,3,5/17/22,5/16/22,12.1,11.9,13.7,12.6,21.4,22.1,40,20,,
BOMA LWO,BOMA,L,WO,3,5/17/22,5/16/22,NA,NA,NA,NA,NA,NA,0,NA,,no BOMA
EUOC LWO,EUOC,L,WO,3,5/17/22,5/16/22,5.5,9.5,9,NA,NA,NA,60,NA,,
SCAM HWO,SCAM,H,WO,3,5/17/22,5/16/22,1.7,1.2,1.1,NA,NA,NA,1,NA,,
DISP HWO,DISP,H,WO,3,5/17/22,5/16/22,4.9,15.1,12.6,NA,NA,NA,30,NA,,
EUMA HWO,EUMA,H,WO,3,5/17/22,5/16/22,17.3,13.1,2,NA,NA,NA,90,NA,,
PHAU,PHAU,NA,NA,3,5/17/22,5/16/22,NA,NA,NA,21.6,34.4,16.4,NA,20,,
SYCI HW,SYCI,H,W,3,5/17/22,5/16/22,16.9,19.4,14.5,NA,NA,11.5,90,10,,PHAU 1 dead
EUMA HW,EUMA,H,W,3,5/17/22,5/16/22,14.8,12.3,15.1,15.6,6.3,4.9,90,10,,
SCPU HW,SCPU,H,W,3,5/17/22,5/16/22,1.9,2.5,NA,NA,17.1,16,1,1,,
EUOC HW,EUOC,H,W,3,5/17/22,5/16/22,8.7,6.4,10.9,7.4,NA,10.9,90,10,,PHAU 2 dead
MUAS HWO,MUAS,H,WO,3,5/17/22,5/16/22,19.2,14.2,22.4,NA,NA,NA,50,NA,,
SCPU HWO,SCPU,H,WO,3,5/17/22,5/16/22,2.8,3.1,NA,NA,NA,NA,1,NA,,SCPU 3 dead
PUNU LWO,PUNU,L,WO,3,5/17/22,5/16/22,6.5,6.5,7.7,NA,NA,NA,50,NA,,
SOCA HWO,SOCA,H,WO,3,5/17/22,5/16/22,0.5,3.2,1.4,NA,NA,NA,90,NA,,
DISP HW,DISP,H,W,3,5/17/22,5/16/22,3.5,4.4,13.1,30.6,18.1,23.9,10,10,,
EPCI LWO,EPCI,L,WO,3,5/17/22,5/16/22,35.6,17.1,28.4,NA,NA,NA,90,NA,,
SCAC HWO,SCAC,H,WO,3,5/17/22,5/16/22,2.1,2.9,1.9,NA,NA,NA,1,NA,,